CustomerID,Recency,Frequency,Monetary,ActiveMonths,AverageOrderValue,HighValueOneTimeBuyer,Cluster,KMeansSegment,Segment
12346,325,1,77183.6,1,77183.6,True,4,Regular Buyers,High-Value One-Time Buyer
12347,2,7,4310.0,7,615.7142857142857,False,4,Regular Buyers,Regular Buyers
12348,75,4,1797.24,4,449.31,False,4,Regular Buyers,Regular Buyers
12349,18,1,1757.55,1,1757.55,False,2,Recent Low-Engagement,Recent Low-Engagement
12350,310,1,334.4,1,334.4,False,0,Dormant Customers,Dormant Customers
12352,36,8,2506.04,4,313.255,False,4,Regular Buyers,Regular Buyers
12353,204,1,89.0,1,89.0,False,0,Dormant Customers,Dormant Customers
12354,232,1,1079.4,1,1079.4,False,0,Dormant Customers,Dormant Customers
12355,214,1,459.4,1,459.4,False,0,Dormant Customers,Dormant Customers
12356,22,3,2811.43,3,937.1433333333333,False,4,Regular Buyers,Regular Buyers
12357,33,1,6207.67,1,6207.67,True,2,Recent Low-Engagement,High-Value One-Time Buyer
12358,1,2,1168.06,2,584.03,False,2,Recent Low-Engagement,Recent Low-Engagement
12359,57,4,6372.58,4,1593.145,False,4,Regular Buyers,Regular Buyers
12360,52,3,2662.06,3,887.3533333333334,False,4,Regular Buyers,Regular Buyers
12361,287,1,189.9,1,189.9,False,0,Dormant Customers,Dormant Customers
12362,3,10,5226.23,8,522.6229999999999,False,1,High-Value & Active,High-Value & Active
12363,109,2,552.0,2,276.0,False,2,Recent Low-Engagement,Recent Low-Engagement
12364,7,4,1313.1,4,328.275,False,4,Regular Buyers,Regular Buyers
12365,291,2,641.38,1,320.69,False,0,Dormant Customers,Dormant Customers
12367,4,1,168.9,1,168.9,False,3,,
12370,51,4,3545.69,3,886.4225,False,4,Regular Buyers,Regular Buyers
12371,44,2,1887.96,1,943.98,False,2,Recent Low-Engagement,Recent Low-Engagement
12372,71,3,1298.04,3,432.68,False,2,Recent Low-Engagement,Recent Low-Engagement
12373,311,1,364.6,1,364.6,False,0,Dormant Customers,Dormant Customers
12374,25,1,742.9300000000001,1,742.9300000000001,False,2,Recent Low-Engagement,Recent Low-Engagement
12375,10,2,457.5,2,228.75,False,2,Recent Low-Engagement,Recent Low-Engagement
12377,315,2,1628.12,2,814.06,False,0,Dormant Customers,Dormant Customers
12378,129,1,4008.62,1,4008.62,True,2,Recent Low-Engagement,High-Value One-Time Buyer
12379,81,2,852.24,2,426.12,False,2,Recent Low-Engagement,Recent Low-Engagement
12380,21,4,2724.81,4,681.2025,False,4,Regular Buyers,Regular Buyers
12381,4,5,1845.31,4,369.062,False,4,Regular Buyers,Regular Buyers
12383,184,5,1850.56,5,370.11199999999997,False,4,Regular Buyers,Regular Buyers
12384,28,2,585.27,2,292.635,False,2,Recent Low-Engagement,Recent Low-Engagement
12386,337,2,401.9,2,200.95,False,0,Dormant Customers,Dormant Customers
12388,15,6,2780.66,6,463.4433333333333,False,4,Regular Buyers,Regular Buyers
12390,79,1,549.84,1,549.84,False,3,,
12391,21,1,460.89,1,460.89,False,3,,
12393,72,4,1582.6000000000001,3,395.65000000000003,False,4,Regular Buyers,Regular Buyers
12394,63,2,1272.48,2,636.24,False,2,Recent Low-Engagement,Recent Low-Engagement
12395,19,12,3018.63,8,251.5525,False,1,High-Value & Active,High-Value & Active
12397,35,2,2409.9,2,1204.95,False,2,Recent Low-Engagement,Recent Low-Engagement
12398,45,1,1635.6599999999999,1,1635.6599999999999,False,2,Recent Low-Engagement,Recent Low-Engagement
12399,119,4,1108.65,4,277.1625,False,2,Recent Low-Engagement,Recent Low-Engagement
12401,303,1,84.3,1,84.3,False,0,Dormant Customers,Dormant Customers
12402,323,1,225.6,1,225.6,False,0,Dormant Customers,Dormant Customers
12403,49,1,427.7,1,427.7,False,3,,
12405,148,1,1710.39,1,1710.39,False,2,Recent Low-Engagement,Recent Low-Engagement
12406,22,2,3415.3,2,1707.65,False,2,Recent Low-Engagement,Recent Low-Engagement
12407,49,5,1708.1200000000001,4,341.624,False,4,Regular Buyers,Regular Buyers
12408,32,5,2888.55,4,577.71,False,4,Regular Buyers,Regular Buyers
12409,78,3,11072.67,2,3690.89,False,4,Regular Buyers,Regular Buyers
12410,308,2,693.3299999999999,1,346.66499999999996,False,0,Dormant Customers,Dormant Customers
12412,74,3,1226.88,3,408.96000000000004,False,2,Recent Low-Engagement,Recent Low-Engagement
12413,66,3,758.1,3,252.70000000000002,False,2,Recent Low-Engagement,Recent Low-Engagement
12414,217,3,562.41,3,187.47,False,0,Dormant Customers,Dormant Customers
12415,24,21,124914.53,11,5948.310952380953,False,1,High-Value & Active,High-Value & Active
12417,3,9,3649.1,8,405.4555555555555,False,4,Regular Buyers,Regular Buyers
12418,112,1,668.58,1,668.58,False,2,Recent Low-Engagement,Recent Low-Engagement
12420,63,1,600.39,1,600.39,False,3,,
12421,15,4,807.04,4,201.76,False,2,Recent Low-Engagement,Recent Low-Engagement
12422,95,3,803.5600000000001,3,267.85333333333335,False,2,Recent Low-Engagement,Recent Low-Engagement
12423,0,8,1859.31,8,232.41375,False,4,Regular Buyers,Regular Buyers
12424,162,2,1760.96,1,880.48,False,2,Recent Low-Engagement,Recent Low-Engagement
12425,78,1,777.2,1,777.2,False,2,Recent Low-Engagement,Recent Low-Engagement
12426,194,1,582.73,1,582.73,False,0,Dormant Customers,Dormant Customers
12427,21,3,825.8,3,275.26666666666665,False,2,Recent Low-Engagement,Recent Low-Engagement
12428,25,9,7956.46,5,884.0511111111111,False,1,High-Value & Active,High-Value & Active
12429,9,4,3750.4,4,937.6,False,4,Regular Buyers,Regular Buyers
12430,43,1,256.4,1,256.4,False,3,,
12431,35,15,6487.45,8,432.49666666666667,False,1,High-Value & Active,High-Value & Active
12432,42,5,5059.32,2,1011.8639999999999,False,4,Regular Buyers,Regular Buyers
12433,0,7,13375.87,5,1910.8385714285716,False,1,High-Value & Active,High-Value & Active
12434,84,2,806.14,2,403.07,False,2,Recent Low-Engagement,Recent Low-Engagement
12435,79,2,7829.89,2,3914.945,False,4,Regular Buyers,Regular Buyers
12436,99,1,509.01,1,509.01,False,3,,
12437,1,18,4951.41,10,275.0783333333333,False,1,High-Value & Active,High-Value & Active
12438,14,2,2906.85,2,1453.425,False,2,Recent Low-Engagement,Recent Low-Engagement
12441,366,1,173.55,1,173.55,False,0,Dormant Customers,Dormant Customers
12442,3,1,172.06,1,172.06,False,3,,
12444,21,5,5005.46,5,1001.092,False,4,Regular Buyers,Regular Buyers
12445,22,1,133.4,1,133.4,False,3,,
12446,57,1,1002.3100000000001,1,1002.3100000000001,False,2,Recent Low-Engagement,Recent Low-Engagement
12447,243,1,476.49,1,476.49,False,0,Dormant Customers,Dormant Customers
12448,44,1,449.45,1,449.45,False,3,,
12449,22,4,4067.29,4,1016.8225,False,4,Regular Buyers,Regular Buyers
12450,156,2,197.88,2,98.94,False,3,,
12451,10,5,9035.52,4,1807.104,False,4,Regular Buyers,Regular Buyers
12452,16,2,430.57,1,215.285,False,2,Recent Low-Engagement,Recent Low-Engagement
12453,134,1,707.09,1,707.09,False,2,Recent Low-Engagement,Recent Low-Engagement
12454,56,1,3528.34,1,3528.34,False,2,Recent Low-Engagement,Recent Low-Engagement
12455,73,6,2466.86,5,411.1433333333334,False,4,Regular Buyers,Regular Buyers
12456,44,3,3181.04,3,1060.3466666666666,False,4,Regular Buyers,Regular Buyers
12457,66,7,2363.23,3,337.6042857142857,False,4,Regular Buyers,Regular Buyers
12458,71,2,947.4,2,473.7,False,2,Recent Low-Engagement,Recent Low-Engagement
12461,94,2,826.88,2,413.44,False,2,Recent Low-Engagement,Recent Low-Engagement
12462,18,2,1189.59,2,594.795,False,2,Recent Low-Engagement,Recent Low-Engagement
12463,53,4,1344.78,4,336.195,False,2,Recent Low-Engagement,Recent Low-Engagement
12464,10,8,1212.05,5,151.50625,False,4,Regular Buyers,Regular Buyers
12465,17,2,742.1899999999999,2,371.09499999999997,False,2,Recent Low-Engagement,Recent Low-Engagement
12468,187,2,729.5400000000001,2,364.77000000000004,False,0,Dormant Customers,Dormant Customers
12471,2,30,19824.05,12,660.8016666666666,False,1,High-Value & Active,High-Value & Active
12472,32,7,6572.11,7,938.8728571428571,False,4,Regular Buyers,Regular Buyers
12473,29,5,3938.5499999999997,4,787.7099999999999,False,4,Regular Buyers,Regular Buyers
12474,17,18,7375.79,9,409.7661111111111,False,1,High-Value & Active,High-Value & Active
12475,53,1,723.38,1,723.38,False,2,Recent Low-Engagement,Recent Low-Engagement
12476,15,11,6816.42,9,619.6745454545454,False,1,High-Value & Active,High-Value & Active
12477,22,6,13219.74,5,2203.29,False,4,Regular Buyers,Regular Buyers
12478,3,1,680.99,1,680.99,False,2,Recent Low-Engagement,Recent Low-Engagement
12479,11,1,527.2,1,527.2,False,3,,
12480,28,4,3281.63,4,820.4075,False,4,Regular Buyers,Regular Buyers
12481,22,10,5596.32,7,559.632,False,1,High-Value & Active,High-Value & Active
12483,17,8,2484.98,7,310.6225,False,4,Regular Buyers,Regular Buyers
12484,32,6,4541.72,4,756.9533333333334,False,4,Regular Buyers,Regular Buyers
12488,9,3,1298.66,3,432.8866666666667,False,2,Recent Low-Engagement,Recent Low-Engagement
12489,336,1,334.93,1,334.93,False,0,Dormant Customers,Dormant Customers
12490,5,10,5417.93,8,541.793,False,1,High-Value & Active,High-Value & Active
12491,38,1,460.40000000000003,1,460.40000000000003,False,3,,
12492,63,2,263.21000000000004,2,131.60500000000002,False,3,,
12493,165,2,433.74,2,216.87,False,0,Dormant Customers,Dormant Customers
12494,15,7,1246.1000000000001,6,178.01428571428573,False,4,Regular Buyers,Regular Buyers
12497,81,1,1043.1,1,1043.1,False,2,Recent Low-Engagement,Recent Low-Engagement
12498,21,3,403.70000000000005,2,134.5666666666667,False,2,Recent Low-Engagement,Recent Low-Engagement
12500,23,11,4257.82,7,387.07454545454544,False,1,High-Value & Active,High-Value & Active
12501,336,1,2169.39,1,2169.39,False,0,Dormant Customers,Dormant Customers
12502,95,5,3723.87,5,744.774,False,4,Regular Buyers,Regular Buyers
12504,18,2,482.04999999999995,1,241.02499999999998,False,2,Recent Low-Engagement,Recent Low-Engagement
12506,232,1,73.5,1,73.5,False,0,Dormant Customers,Dormant Customers
12507,134,3,1304.81,2,434.93666666666667,False,2,Recent Low-Engagement,Recent Low-Engagement
12508,26,2,398.27,1,199.135,False,3,,
12509,284,1,176.5,1,176.5,False,0,Dormant Customers,Dormant Customers
12510,142,2,982.5699999999999,2,491.28499999999997,False,2,Recent Low-Engagement,Recent Low-Engagement
12512,66,2,138.03,1,69.015,False,3,,
12513,112,1,612.29,1,612.29,False,3,,
12514,267,1,1017.68,1,1017.68,False,0,Dormant Customers,Dormant Customers
12515,353,1,383.7,1,383.7,False,0,Dormant Customers,Dormant Customers
12516,77,2,1312.06,2,656.03,False,2,Recent Low-Engagement,Recent Low-Engagement
12517,28,5,2502.84,4,500.56800000000004,False,4,Regular Buyers,Regular Buyers
12518,0,5,2056.89,5,411.378,False,4,Regular Buyers,Regular Buyers
12519,63,1,340.84,1,340.84,False,3,,
12520,79,5,2634.26,4,526.8520000000001,False,4,Regular Buyers,Regular Buyers
12521,142,1,599.68,1,599.68,False,3,,
12522,39,2,192.72,1,96.36,False,3,,
12523,19,11,1789.77,9,162.70636363636365,False,4,Regular Buyers,Regular Buyers
12524,9,8,4485.72,7,560.715,False,4,Regular Buyers,Regular Buyers
12526,0,3,1316.66,3,438.8866666666667,False,2,Recent Low-Engagement,Recent Low-Engagement
12527,81,3,348.71000000000004,3,116.23666666666668,False,2,Recent Low-Engagement,Recent Low-Engagement
12528,9,6,1933.48,6,322.24666666666667,False,4,Regular Buyers,Regular Buyers
12530,59,4,1662.28,4,415.57,False,4,Regular Buyers,Regular Buyers
12531,14,1,125.22,1,125.22,False,3,,
12532,30,1,349.83000000000004,1,349.83000000000004,False,3,,
12534,130,1,1089.18,1,1089.18,False,2,Recent Low-Engagement,Recent Low-Engagement
12535,91,2,716.35,2,358.175,False,2,Recent Low-Engagement,Recent Low-Engagement
12536,43,3,12601.830000000002,1,4200.610000000001,False,4,Regular Buyers,Regular Buyers
12538,29,1,363.95,1,363.95,False,3,,
12539,22,4,5568.35,3,1392.0875,False,4,Regular Buyers,Regular Buyers
12540,19,17,13400.24,11,788.2494117647059,False,1,High-Value & Active,High-Value & Active
12541,29,3,981.18,3,327.06,False,2,Recent Low-Engagement,Recent Low-Engagement
12544,36,1,372.7,1,372.7,False,3,,
12545,75,2,1000.39,2,500.195,False,2,Recent Low-Engagement,Recent Low-Engagement
12546,46,2,1161.5,2,580.75,False,2,Recent Low-Engagement,Recent Low-Engagement
12547,197,2,207.79999999999998,2,103.89999999999999,False,0,Dormant Customers,Dormant Customers
12548,166,1,95.19999999999999,1,95.19999999999999,False,3,,
12550,79,1,964.83,1,964.83,False,2,Recent Low-Engagement,Recent Low-Engagement
12551,357,1,168.0,1,168.0,False,0,Dormant Customers,Dormant Customers
12552,38,2,437.82,2,218.91,False,2,Recent Low-Engagement,Recent Low-Engagement
12553,8,10,3692.28,9,369.228,False,4,Regular Buyers,Regular Buyers
12556,50,2,603.71,2,301.855,False,2,Recent Low-Engagement,Recent Low-Engagement
12557,16,5,11990.960000000001,5,2398.192,False,4,Regular Buyers,Regular Buyers
12558,7,1,269.96,1,269.96,False,3,,
12559,310,2,561.71,2,280.855,False,0,Dormant Customers,Dormant Customers
12560,5,3,2134.01,3,711.3366666666667,False,4,Regular Buyers,Regular Buyers
12561,302,1,238.85,1,238.85,False,0,Dormant Customers,Dormant Customers
12562,8,7,3781.7400000000002,7,540.2485714285715,False,4,Regular Buyers,Regular Buyers
12564,261,1,456.9,1,456.9,False,0,Dormant Customers,Dormant Customers
12565,288,1,145.92,1,145.92,False,0,Dormant Customers,Dormant Customers
12566,86,1,351.65,1,351.65,False,3,,
12567,22,10,9401.28,7,940.128,False,1,High-Value & Active,High-Value & Active
12569,2,32,4124.69,9,128.8965625,False,1,High-Value & Active,High-Value & Active
12571,39,2,519.61,2,259.805,False,2,Recent Low-Engagement,Recent Low-Engagement
12572,8,2,1020.42,2,510.21,False,2,Recent Low-Engagement,Recent Low-Engagement
12573,227,1,160.54000000000002,1,160.54000000000002,False,0,Dormant Customers,Dormant Customers
12574,315,1,218.45,1,218.45,False,0,Dormant Customers,Dormant Customers
12576,35,5,1315.83,5,263.166,False,4,Regular Buyers,Regular Buyers
12577,35,3,657.8,2,219.26666666666665,False,2,Recent Low-Engagement,Recent Low-Engagement
12578,21,2,2794.51,2,1397.255,False,2,Recent Low-Engagement,Recent Low-Engagement
12579,78,1,440.42,1,440.42,False,3,,
12580,246,1,415.7,1,415.7,False,0,Dormant Customers,Dormant Customers
12581,39,1,197.71,1,197.71,False,3,,
12582,238,2,511.36,2,255.68,False,0,Dormant Customers,Dormant Customers
12583,2,15,7281.38,12,485.42533333333336,False,1,High-Value & Active,High-Value & Active
12584,3,9,2338.15,8,259.7944444444445,False,4,Regular Buyers,Regular Buyers
12585,234,2,2040.1,2,1020.05,False,0,Dormant Customers,Dormant Customers
12586,17,1,196.94000000000003,1,196.94000000000003,False,3,,
12587,7,1,144.0,1,144.0,False,3,,
12588,39,1,214.89999999999998,1,214.89999999999998,False,3,,
12589,28,2,646.68,2,323.34,False,2,Recent Low-Engagement,Recent Low-Engagement
12590,211,2,9864.26,1,4932.13,False,4,Regular Buyers,Regular Buyers
12591,317,1,452.84999999999997,1,452.84999999999997,False,0,Dormant Customers,Dormant Customers
12592,92,2,437.6,2,218.8,False,2,Recent Low-Engagement,Recent Low-Engagement
12593,108,3,418.09999999999997,2,139.36666666666665,False,2,Recent Low-Engagement,Recent Low-Engagement
12594,37,10,3338.2200000000003,9,333.822,False,4,Regular Buyers,Regular Buyers
12596,51,2,618.27,2,309.135,False,2,Recent Low-Engagement,Recent Low-Engagement
12597,19,4,3811.22,4,952.805,False,4,Regular Buyers,Regular Buyers
12598,9,8,3023.08,5,377.885,False,4,Regular Buyers,Regular Buyers
12599,29,7,1032.58,6,147.51142857142855,False,4,Regular Buyers,Regular Buyers
12600,28,10,2599.04,9,259.904,False,4,Regular Buyers,Regular Buyers
12601,189,5,577.0600000000001,5,115.412,False,2,Recent Low-Engagement,Recent Low-Engagement
12602,58,1,153.12,1,153.12,False,3,,
12603,21,1,739.1999999999999,1,739.1999999999999,False,2,Recent Low-Engagement,Recent Low-Engagement
12604,79,2,254.18,2,127.09,False,3,,
12607,60,1,1579.51,1,1579.51,False,2,Recent Low-Engagement,Recent Low-Engagement
12609,78,3,1126.85,3,375.6166666666666,False,2,Recent Low-Engagement,Recent Low-Engagement
12610,22,5,2099.54,3,419.908,False,4,Regular Buyers,Regular Buyers
12611,52,1,1193.32,1,1193.32,False,2,Recent Low-Engagement,Recent Low-Engagement
12612,74,1,704.0400000000001,1,704.0400000000001,False,2,Recent Low-Engagement,Recent Low-Engagement
12613,57,5,3344.38,3,668.876,False,4,Regular Buyers,Regular Buyers
12614,277,1,315.6,1,315.6,False,0,Dormant Customers,Dormant Customers
12615,2,4,2291.19,4,572.7975,False,4,Regular Buyers,Regular Buyers
12616,95,2,713.3,2,356.65,False,2,Recent Low-Engagement,Recent Low-Engagement
12617,29,1,355.53,1,355.53,False,3,,
12618,21,1,177.31,1,177.31,False,3,,
12619,16,9,3641.24,6,404.5822222222222,False,4,Regular Buyers,Regular Buyers
12620,14,3,1339.41,3,446.47,False,2,Recent Low-Engagement,Recent Low-Engagement
12621,1,20,13689.67,12,684.4835,False,1,High-Value & Active,High-Value & Active
12622,232,1,180.1,1,180.1,False,0,Dormant Customers,Dormant Customers
12623,276,1,305.1,1,305.1,False,0,Dormant Customers,Dormant Customers
12624,106,2,641.13,2,320.565,False,2,Recent Low-Engagement,Recent Low-Engagement
12625,211,2,2683.82,2,1341.91,False,2,Recent Low-Engagement,Recent Low-Engagement
12626,23,9,6620.48,6,735.6088888888888,False,1,High-Value & Active,High-Value & Active
12627,10,7,4478.53,5,639.79,False,4,Regular Buyers,Regular Buyers
12628,4,3,786.46,3,262.15333333333336,False,2,Recent Low-Engagement,Recent Low-Engagement
12630,9,2,1270.88,2,635.44,False,2,Recent Low-Engagement,Recent Low-Engagement
12631,57,1,640.5,1,640.5,False,3,,
12633,58,4,2163.98,4,540.995,False,4,Regular Buyers,Regular Buyers
12635,89,2,1689.18,2,844.59,False,2,Recent Low-Engagement,Recent Low-Engagement
12637,67,8,6021.9,6,752.7375,False,4,Regular Buyers,Regular Buyers
12638,33,1,671.69,1,671.69,False,2,Recent Low-Engagement,Recent Low-Engagement
12639,238,1,486.1,1,486.1,False,0,Dormant Customers,Dormant Customers
12640,23,3,1174.58,2,391.52666666666664,False,2,Recent Low-Engagement,Recent Low-Engagement
12641,115,1,185.9,1,185.9,False,3,,
12642,25,3,1013.26,3,337.75333333333333,False,2,Recent Low-Engagement,Recent Low-Engagement
12643,128,6,3344.64,4,557.4399999999999,False,4,Regular Buyers,Regular Buyers
12644,129,1,477.91,1,477.91,False,3,,
12645,33,4,1775.18,4,443.795,False,4,Regular Buyers,Regular Buyers
12646,4,2,1346.97,2,673.485,False,2,Recent Low-Engagement,Recent Low-Engagement
12647,22,12,3722.82,8,310.235,False,1,High-Value & Active,High-Value & Active
12648,154,1,318.05,1,318.05,False,3,,
12649,107,3,623.51,2,207.83666666666667,False,2,Recent Low-Engagement,Recent Low-Engagement
12650,3,1,314.44,1,314.44,False,3,,
12651,334,1,114.0,1,114.0,False,0,Dormant Customers,Dormant Customers
12652,331,1,919.98,1,919.98,False,0,Dormant Customers,Dormant Customers
12653,148,2,2209.85,2,1104.925,False,2,Recent Low-Engagement,Recent Low-Engagement
12654,10,5,601.98,3,120.396,False,2,Recent Low-Engagement,Recent Low-Engagement
12656,17,5,4051.17,5,810.234,False,4,Regular Buyers,Regular Buyers
12657,11,4,1643.18,3,410.795,False,4,Regular Buyers,Regular Buyers
12658,18,1,686.05,1,686.05,False,2,Recent Low-Engagement,Recent Low-Engagement
12659,29,1,91.68,1,91.68,False,3,,
12660,11,1,245.1,1,245.1,False,3,,
12662,0,11,3849.78,10,349.98,False,1,High-Value & Active,High-Value & Active
12664,8,9,4881.88,7,542.4311111111111,False,4,Regular Buyers,Regular Buyers
12665,324,1,63.0,1,63.0,False,0,Dormant Customers,Dormant Customers
12667,58,1,620.13,1,620.13,False,3,,
12668,11,4,3807.15,4,951.7875,False,4,Regular Buyers,Regular Buyers
12669,150,3,2744.0299999999997,3,914.6766666666666,False,2,Recent Low-Engagement,Recent Low-Engagement
12670,10,5,2996.05,4,599.21,False,4,Regular Buyers,Regular Buyers
12672,329,1,225.89999999999998,1,225.89999999999998,False,0,Dormant Customers,Dormant Customers
12673,5,2,610.52,2,305.26,False,2,Recent Low-Engagement,Recent Low-Engagement
12674,38,4,1970.6,4,492.65,False,4,Regular Buyers,Regular Buyers
12676,24,6,1331.39,6,221.89833333333334,False,4,Regular Buyers,Regular Buyers
12678,42,12,17628.46,9,1469.0383333333332,False,1,High-Value & Active,High-Value & Active
12679,58,4,1113.02,4,278.255,False,2,Recent Low-Engagement,Recent Low-Engagement
12680,0,4,862.81,3,215.7025,False,2,Recent Low-Engagement,Recent Low-Engagement
12681,14,22,13787.54,10,626.7063636363637,False,1,High-Value & Active,High-Value & Active
12682,3,31,12288.22,13,396.3941935483871,False,1,High-Value & Active,High-Value & Active
12683,4,15,8476.57,9,565.1046666666666,False,1,High-Value & Active,High-Value & Active
12684,7,7,2283.63,5,326.23285714285714,False,4,Regular Buyers,Regular Buyers
12685,28,6,2863.08,3,477.18,False,4,Regular Buyers,Regular Buyers
12686,371,1,89.14,1,89.14,False,0,Dormant Customers,Dormant Customers
12688,113,1,4873.8099999999995,1,4873.8099999999995,True,2,Recent Low-Engagement,High-Value One-Time Buyer
12689,25,2,1247.61,2,623.805,False,2,Recent Low-Engagement,Recent Low-Engagement
12690,205,1,389.01,1,389.01,False,0,Dormant Customers,Dormant Customers
12691,28,6,1035.8,5,172.63333333333333,False,4,Regular Buyers,Regular Buyers
12693,127,4,855.91,4,213.9775,False,2,Recent Low-Engagement,Recent Low-Engagement
12694,70,2,869.67,2,434.835,False,2,Recent Low-Engagement,Recent Low-Engagement
12695,7,4,582.1,4,145.525,False,2,Recent Low-Engagement,Recent Low-Engagement
12697,28,3,957.59,3,319.19666666666666,False,2,Recent Low-Engagement,Recent Low-Engagement
12700,7,4,4939.99,4,1234.9975,False,4,Regular Buyers,Regular Buyers
12701,79,2,797.71,2,398.855,False,2,Recent Low-Engagement,Recent Low-Engagement
12702,19,1,219.0,1,219.0,False,3,,
12703,71,1,283.55,1,283.55,False,3,,
12704,7,8,2340.84,5,292.605,False,4,Regular Buyers,Regular Buyers
12705,15,9,6868.29,7,763.1433333333333,False,1,High-Value & Active,High-Value & Active
12707,291,1,603.42,1,603.42,False,0,Dormant Customers,Dormant Customers
12708,29,10,2712.91,9,271.291,False,4,Regular Buyers,Regular Buyers
12709,15,15,9736.52,10,649.1013333333334,False,1,High-Value & Active,High-Value & Active
12710,96,3,1149.02,3,383.00666666666666,False,2,Recent Low-Engagement,Recent Low-Engagement
12712,28,13,4396.13,10,338.1638461538462,False,1,High-Value & Active,High-Value & Active
12713,0,1,848.55,1,848.55,False,2,Recent Low-Engagement,Recent Low-Engagement
12714,9,5,4708.86,5,941.7719999999999,False,4,Regular Buyers,Regular Buyers
12715,106,1,353.86,1,353.86,False,3,,
12716,3,2,1053.49,2,526.745,False,2,Recent Low-Engagement,Recent Low-Engagement
12717,151,2,1030.98,2,515.49,False,2,Recent Low-Engagement,Recent Low-Engagement
12718,71,1,238.25,1,238.25,False,3,,
12719,5,2,644.95,2,322.475,False,2,Recent Low-Engagement,Recent Low-Engagement
12720,2,25,5781.73,13,231.26919999999998,False,1,High-Value & Active,High-Value & Active
12721,31,6,2656.13,6,442.68833333333333,False,4,Regular Buyers,Regular Buyers
12722,85,4,997.63,3,249.4075,False,2,Recent Low-Engagement,Recent Low-Engagement
12723,3,5,725.07,3,145.014,False,4,Regular Buyers,Regular Buyers
12724,5,4,1031.41,4,257.8525,False,2,Recent Low-Engagement,Recent Low-Engagement
12725,371,1,427.8,1,427.8,False,0,Dormant Customers,Dormant Customers
12726,28,7,2609.1,7,372.7285714285714,False,4,Regular Buyers,Regular Buyers
12727,10,7,3980.7,6,568.6714285714286,False,4,Regular Buyers,Regular Buyers
12728,71,4,836.33,4,209.0825,False,2,Recent Low-Engagement,Recent Low-Engagement
12729,113,1,453.01,1,453.01,False,3,,
12731,23,12,18895.91,10,1574.6591666666666,False,1,High-Value & Active,High-Value & Active
12732,179,1,236.26000000000002,1,236.26000000000002,False,0,Dormant Customers,Dormant Customers
12733,234,1,383.95,1,383.95,False,0,Dormant Customers,Dormant Customers
12734,352,1,110.39999999999999,1,110.39999999999999,False,0,Dormant Customers,Dormant Customers
12735,315,2,779.5699999999999,1,389.78499999999997,False,0,Dormant Customers,Dormant Customers
12736,332,1,234.0,1,234.0,False,0,Dormant Customers,Dormant Customers
12738,372,1,155.35,1,155.35,False,0,Dormant Customers,Dormant Customers
12739,78,2,1013.04,1,506.52,False,2,Recent Low-Engagement,Recent Low-Engagement
12740,63,1,427.6,1,427.6,False,3,,
12743,134,2,546.43,1,273.215,False,2,Recent Low-Engagement,Recent Low-Engagement
12744,51,7,21279.29,4,3039.8985714285714,False,1,High-Value & Active,High-Value & Active
12747,2,11,4196.01,9,381.4554545454546,False,1,High-Value & Active,High-Value & Active
12748,0,209,33719.73,13,161.3384210526316,False,1,High-Value & Active,High-Value & Active
12749,3,5,4090.88,4,818.176,False,4,Regular Buyers,Regular Buyers
12750,128,1,275.88,1,275.88,False,3,,
12752,81,1,4366.78,1,4366.78,True,2,Recent Low-Engagement,High-Value One-Time Buyer
12753,22,6,21429.39,6,3571.565,False,1,High-Value & Active,High-Value & Active
12754,235,3,3010.74,3,1003.5799999999999,False,2,Recent Low-Engagement,Recent Low-Engagement
12755,280,2,3811.95,2,1905.975,False,0,Dormant Customers,Dormant Customers
12756,86,1,112.07999999999998,1,112.07999999999998,False,3,,
12757,15,13,7857.1,5,604.3923076923077,False,1,High-Value & Active,High-Value & Active
12758,116,2,2791.59,2,1395.795,False,2,Recent Low-Engagement,Recent Low-Engagement
12759,52,3,1531.44,3,510.48,False,2,Recent Low-Engagement,Recent Low-Engagement
12762,7,2,1898.52,2,949.26,False,2,Recent Low-Engagement,Recent Low-Engagement
12763,138,2,494.08,2,247.04,False,2,Recent Low-Engagement,Recent Low-Engagement
12764,316,1,1693.88,1,1693.88,False,0,Dormant Customers,Dormant Customers
12766,3,7,6989.63,7,998.5185714285715,False,4,Regular Buyers,Regular Buyers
12769,238,1,1143.6,1,1143.6,False,0,Dormant Customers,Dormant Customers
12770,210,1,1351.45,1,1351.45,False,0,Dormant Customers,Dormant Customers
12772,59,1,892.47,1,892.47,False,2,Recent Low-Engagement,Recent Low-Engagement
12775,17,5,1386.04,5,277.20799999999997,False,4,Regular Buyers,Regular Buyers
12778,19,6,822.23,5,137.03833333333333,False,4,Regular Buyers,Regular Buyers
12779,37,8,3981.36,8,497.67,False,4,Regular Buyers,Regular Buyers
12781,63,2,826.74,2,413.37,False,2,Recent Low-Engagement,Recent Low-Engagement
12782,4,5,2330.92,5,466.184,False,4,Regular Buyers,Regular Buyers
12783,2,6,2225.91,4,370.98499999999996,False,4,Regular Buyers,Regular Buyers
12784,9,2,574.42,1,287.21,False,2,Recent Low-Engagement,Recent Low-Engagement
12785,364,1,311.95,1,311.95,False,0,Dormant Customers,Dormant Customers
12787,9,3,463.66,3,154.55333333333334,False,2,Recent Low-Engagement,Recent Low-Engagement
12789,65,1,91.85,1,91.85,False,3,,
12790,192,1,324.92,1,324.92,False,0,Dormant Customers,Dormant Customers
12791,373,1,192.60000000000002,1,192.60000000000002,False,0,Dormant Customers,Dormant Customers
12792,256,1,400.53999999999996,1,400.53999999999996,False,0,Dormant Customers,Dormant Customers
12793,334,2,545.48,2,272.74,False,0,Dormant Customers,Dormant Customers
12794,53,2,860.41,2,430.205,False,2,Recent Low-Engagement,Recent Low-Engagement
12795,18,1,430.48,1,430.48,False,3,,
12797,365,1,254.03,1,254.03,False,0,Dormant Customers,Dormant Customers
12798,10,3,6977.04,3,2325.68,False,4,Regular Buyers,Regular Buyers
12802,186,1,427.58,1,427.58,False,0,Dormant Customers,Dormant Customers
12808,36,3,483.65000000000003,3,161.21666666666667,False,2,Recent Low-Engagement,Recent Low-Engagement
12809,177,1,489.31,1,489.31,False,0,Dormant Customers,Dormant Customers
12811,260,3,514.85,2,171.61666666666667,False,0,Dormant Customers,Dormant Customers
12812,44,1,229.64000000000001,1,229.64000000000001,False,3,,
12814,101,1,125.92,1,125.92,False,3,,
12815,147,2,1063.46,2,531.73,False,2,Recent Low-Engagement,Recent Low-Engagement
12816,95,2,572.2,2,286.1,False,2,Recent Low-Engagement,Recent Low-Engagement
12817,281,1,166.04,1,166.04,False,0,Dormant Customers,Dormant Customers
12818,261,1,1542.08,1,1542.08,False,0,Dormant Customers,Dormant Customers
12820,3,4,942.34,4,235.585,False,2,Recent Low-Engagement,Recent Low-Engagement
12821,214,1,92.72,1,92.72,False,0,Dormant Customers,Dormant Customers
12822,70,2,948.88,1,474.44,False,2,Recent Low-Engagement,Recent Low-Engagement
12823,74,5,1759.5,4,351.9,False,4,Regular Buyers,Regular Buyers
12824,59,1,397.12,1,397.12,False,3,,
12826,2,7,1474.72,6,210.67428571428573,False,4,Regular Buyers,Regular Buyers
12827,5,3,430.15000000000003,3,143.38333333333335,False,2,Recent Low-Engagement,Recent Low-Engagement
12828,2,6,1018.71,4,169.785,False,4,Regular Buyers,Regular Buyers
12829,336,2,293.0,2,146.5,False,0,Dormant Customers,Dormant Customers
12830,37,6,6814.64,4,1135.7733333333333,False,4,Regular Buyers,Regular Buyers
12831,262,1,215.05,1,215.05,False,0,Dormant Customers,Dormant Customers
12832,32,2,383.03,2,191.515,False,3,,
12833,145,1,417.38,1,417.38,False,3,,
12834,282,1,312.38,1,312.38,False,0,Dormant Customers,Dormant Customers
12836,59,4,2612.86,4,653.215,False,4,Regular Buyers,Regular Buyers
12837,173,1,134.1,1,134.1,False,0,Dormant Customers,Dormant Customers
12838,33,2,683.13,2,341.565,False,2,Recent Low-Engagement,Recent Low-Engagement
12839,2,14,5591.42,10,399.38714285714286,False,1,High-Value & Active,High-Value & Active
12840,143,4,2726.77,4,681.6925,False,4,Regular Buyers,Regular Buyers
12841,4,25,4022.35,13,160.894,False,1,High-Value & Active,High-Value & Active
12842,70,2,1118.99,2,559.495,False,2,Recent Low-Engagement,Recent Low-Engagement
12843,65,8,1702.26,5,212.7825,False,4,Regular Buyers,Regular Buyers
12844,29,2,325.96000000000004,2,162.98000000000002,False,3,,
12845,267,4,354.09,2,88.5225,False,0,Dormant Customers,Dormant Customers
12847,22,1,871.54,1,871.54,False,2,Recent Low-Engagement,Recent Low-Engagement
12849,31,2,1050.8899999999999,2,525.4449999999999,False,2,Recent Low-Engagement,Recent Low-Engagement
12851,96,1,135.18,1,135.18,False,3,,
12852,294,1,311.55,1,311.55,False,0,Dormant Customers,Dormant Customers
12853,134,6,1957.1000000000001,3,326.18333333333334,False,4,Regular Buyers,Regular Buyers
12854,78,3,1324.5,3,441.5,False,2,Recent Low-Engagement,Recent Low-Engagement
12855,372,1,38.1,1,38.1,False,0,Dormant Customers,Dormant Customers
12856,7,6,2179.93,3,363.32166666666666,False,4,Regular Buyers,Regular Buyers
12857,210,2,1106.4,2,553.2,False,0,Dormant Customers,Dormant Customers
12863,52,1,521.2,1,521.2,False,3,,
12864,138,1,147.12,1,147.12,False,3,,
12865,26,2,1568.23,2,784.115,False,2,Recent Low-Engagement,Recent Low-Engagement
12866,283,1,559.12,1,559.12,False,0,Dormant Customers,Dormant Customers
12867,26,7,4036.82,7,576.6885714285714,False,4,Regular Buyers,Regular Buyers
12868,185,6,1607.0600000000002,5,267.84333333333336,False,4,Regular Buyers,Regular Buyers
12871,84,2,380.64,2,190.32,False,3,,
12872,326,2,599.97,2,299.985,False,0,Dormant Customers,Dormant Customers
12873,282,1,374.0,1,374.0,False,0,Dormant Customers,Dormant Customers
12875,143,2,343.2300000000001,2,171.61500000000004,False,3,,
12876,57,2,2218.02,2,1109.01,False,2,Recent Low-Engagement,Recent Low-Engagement
12877,3,12,1535.77,11,127.98083333333334,False,4,Regular Buyers,Regular Buyers
12878,236,2,854.99,2,427.495,False,0,Dormant Customers,Dormant Customers
12879,44,3,573.22,2,191.07333333333335,False,2,Recent Low-Engagement,Recent Low-Engagement
12881,275,1,298.0,1,298.0,False,0,Dormant Customers,Dormant Customers
12882,9,2,1463.04,1,731.52,False,2,Recent Low-Engagement,Recent Low-Engagement
12883,24,4,703.47,2,175.8675,False,2,Recent Low-Engagement,Recent Low-Engagement
12884,88,1,309.05,1,309.05,False,3,,
12885,63,3,1175.22,2,391.74,False,2,Recent Low-Engagement,Recent Low-Engagement
12886,67,2,1378.4,2,689.2,False,2,Recent Low-Engagement,Recent Low-Engagement
12888,214,2,354.12,2,177.06,False,0,Dormant Customers,Dormant Customers
12890,24,1,380.46999999999997,1,380.46999999999997,False,3,,
12891,185,3,331.0,3,110.33333333333333,False,0,Dormant Customers,Dormant Customers
12893,30,1,188.14,1,188.14,False,3,,
12895,42,2,372.8,2,186.4,False,3,,
12897,204,2,216.5,2,108.25,False,0,Dormant Customers,Dormant Customers
12901,8,28,17654.54,10,630.5192857142857,False,1,High-Value & Active,High-Value & Active
12902,264,1,138.68,1,138.68,False,0,Dormant Customers,Dormant Customers
12904,18,2,509.58,2,254.79,False,2,Recent Low-Engagement,Recent Low-Engagement
12906,11,5,2919.81,2,583.962,False,4,Regular Buyers,Regular Buyers
12908,176,2,750.0,2,375.0,False,2,Recent Low-Engagement,Recent Low-Engagement
12909,39,5,2178.67,4,435.73400000000004,False,4,Regular Buyers,Regular Buyers
12910,23,8,3075.04,6,384.38,False,4,Regular Buyers,Regular Buyers
12912,2,5,1662.3,3,332.46,False,4,Regular Buyers,Regular Buyers
12913,4,5,2483.63,5,496.726,False,4,Regular Buyers,Regular Buyers
12915,148,2,363.65,2,181.825,False,3,,
12916,138,4,3006.15,4,751.5375,False,4,Regular Buyers,Regular Buyers
12917,128,1,594.0,1,594.0,False,3,,
12919,8,6,1335.19,5,222.53166666666667,False,4,Regular Buyers,Regular Buyers
12920,17,1,164.23,1,164.23,False,3,,
12921,9,37,16587.09,11,448.29972972972973,False,1,High-Value & Active,High-Value & Active
12922,161,1,405.38,1,405.38,False,0,Dormant Customers,Dormant Customers
12923,64,1,176.97,1,176.97,False,3,,
12924,88,4,933.7,4,233.425,False,2,Recent Low-Engagement,Recent Low-Engagement
12925,4,2,694.05,2,347.025,False,2,Recent Low-Engagement,Recent Low-Engagement
12928,35,5,2062.7000000000003,5,412.5400000000001,False,4,Regular Buyers,Regular Buyers
12929,311,1,117.85,1,117.85,False,0,Dormant Customers,Dormant Customers
12930,78,2,415.8,2,207.9,False,2,Recent Low-Engagement,Recent Low-Engagement
12931,21,15,42055.96,8,2803.730666666667,False,1,High-Value & Active,High-Value & Active
12933,24,3,607.53,3,202.51,False,2,Recent Low-Engagement,Recent Low-Engagement
12935,2,7,2160.7,6,308.6714285714285,False,4,Regular Buyers,Regular Buyers
12936,17,4,1063.9,2,265.975,False,2,Recent Low-Engagement,Recent Low-Engagement
12937,15,4,1504.27,4,376.0675,False,4,Regular Buyers,Regular Buyers
12938,25,1,114.14,1,114.14,False,3,,
12939,64,8,11581.8,6,1447.725,False,1,High-Value & Active,High-Value & Active
12940,54,2,913.54,2,456.77,False,2,Recent Low-Engagement,Recent Low-Engagement
12942,131,3,683.9,3,227.96666666666667,False,2,Recent Low-Engagement,Recent Low-Engagement
12944,35,2,604.51,2,302.255,False,2,Recent Low-Engagement,Recent Low-Engagement
12945,288,1,462.95,1,462.95,False,0,Dormant Customers,Dormant Customers
12947,143,6,1603.99,5,267.33166666666665,False,4,Regular Buyers,Regular Buyers
12948,16,7,2064.95,5,294.99285714285713,False,4,Regular Buyers,Regular Buyers
12949,30,8,4167.22,4,520.9025,False,4,Regular Buyers,Regular Buyers
12950,2,3,1843.0,2,614.3333333333334,False,4,Regular Buyers,Regular Buyers
12951,8,6,1064.07,5,177.345,False,4,Regular Buyers,Regular Buyers
12952,5,4,1387.79,3,346.9475,False,4,Regular Buyers,Regular Buyers
12953,9,1,329.85,1,329.85,False,3,,
12955,1,11,4757.16,8,432.4690909090909,False,1,High-Value & Active,High-Value & Active
12956,306,1,108.07,1,108.07,False,0,Dormant Customers,Dormant Customers
12957,9,8,4017.54,6,502.1925,False,4,Regular Buyers,Regular Buyers
12962,7,2,266.39,2,133.195,False,3,,
12963,8,8,1856.63,5,232.07875,False,4,Regular Buyers,Regular Buyers
12965,89,1,771.91,1,771.91,False,2,Recent Low-Engagement,Recent Low-Engagement
12966,9,1,160.18,1,160.18,False,3,,
12967,358,2,1660.9,1,830.45,False,0,Dormant Customers,Dormant Customers
12968,112,1,135.95,1,135.95,False,3,,
12970,7,4,452.24,2,113.06,False,2,Recent Low-Engagement,Recent Low-Engagement
12971,3,86,11189.91,13,130.11523255813952,False,1,High-Value & Active,High-Value & Active
12974,197,1,144.8,1,144.8,False,0,Dormant Customers,Dormant Customers
12976,211,1,738.6,1,738.6,False,0,Dormant Customers,Dormant Customers
12977,156,1,39.239999999999995,1,39.239999999999995,False,3,,
12980,157,9,7374.900000000001,7,819.4333333333334,False,4,Regular Buyers,Regular Buyers
12981,29,2,372.21999999999997,2,186.10999999999999,False,3,,
12982,242,1,390.54,1,390.54,False,0,Dormant Customers,Dormant Customers
12984,18,1,97.5,1,97.5,False,3,,
12985,0,2,1239.38,2,619.69,False,2,Recent Low-Engagement,Recent Low-Engagement
12987,73,2,558.7,2,279.35,False,2,Recent Low-Engagement,Recent Low-Engagement
12988,292,1,535.32,1,535.32,False,0,Dormant Customers,Dormant Customers
12989,3,15,6924.110000000001,11,461.6073333333334,False,1,High-Value & Active,High-Value & Active
12990,31,3,409.5,3,136.5,False,2,Recent Low-Engagement,Recent Low-Engagement
12991,23,2,503.76,2,251.88,False,2,Recent Low-Engagement,Recent Low-Engagement
12993,23,4,414.76,4,103.69,False,2,Recent Low-Engagement,Recent Low-Engagement
12994,4,3,974.4200000000001,3,324.8066666666667,False,2,Recent Low-Engagement,Recent Low-Engagement
12995,85,1,211.32,1,211.32,False,3,,
12997,22,4,1226.89,4,306.7225,False,4,Regular Buyers,Regular Buyers
12999,196,3,455.88,2,151.96,False,0,Dormant Customers,Dormant Customers
13000,106,3,534.85,3,178.28333333333333,False,2,Recent Low-Engagement,Recent Low-Engagement
13001,4,13,9818.82,9,755.2938461538462,False,1,High-Value & Active,High-Value & Active
13002,318,1,120.94999999999999,1,120.94999999999999,False,0,Dormant Customers,Dormant Customers
13003,105,3,149.05,3,49.68333333333334,False,3,,
13004,11,18,5655.91,11,314.21722222222223,False,1,High-Value & Active,High-Value & Active
13005,173,2,513.7,2,256.85,False,0,Dormant Customers,Dormant Customers
13006,56,1,81.57,1,81.57,False,3,,
13008,323,1,229.46999999999997,1,229.46999999999997,False,0,Dormant Customers,Dormant Customers
13011,372,1,50.550000000000004,1,50.550000000000004,False,0,Dormant Customers,Dormant Customers
13012,9,8,1661.8400000000001,5,207.73000000000002,False,4,Regular Buyers,Regular Buyers
13013,1,13,4810.9400000000005,9,370.07230769230773,False,1,High-Value & Active,High-Value & Active
13014,10,10,3466.2799999999997,6,346.628,False,4,Regular Buyers,Regular Buyers
13015,53,5,3346.28,3,669.2560000000001,False,4,Regular Buyers,Regular Buyers
13016,73,3,789.89,2,263.2966666666667,False,2,Recent Low-Engagement,Recent Low-Engagement
13017,7,1,204.0,1,204.0,False,3,,
13018,16,28,7277.7,10,259.91785714285714,False,1,High-Value & Active,High-Value & Active
13021,4,9,2616.38,7,290.7088888888889,False,4,Regular Buyers,Regular Buyers
13023,64,2,689.9,2,344.95,False,2,Recent Low-Engagement,Recent Low-Engagement
13026,1,5,975.36,5,195.072,False,4,Regular Buyers,Regular Buyers
13027,113,6,6912.0,5,1152.0,False,4,Regular Buyers,Regular Buyers
13028,22,2,661.3199999999999,2,330.65999999999997,False,2,Recent Low-Engagement,Recent Low-Engagement
13029,30,3,1247.5,3,415.8333333333333,False,2,Recent Low-Engagement,Recent Low-Engagement
13030,11,2,799.48,2,399.74,False,2,Recent Low-Engagement,Recent Low-Engagement
13032,52,2,1010.18,2,505.09,False,2,Recent Low-Engagement,Recent Low-Engagement
13033,357,1,190.55,1,190.55,False,0,Dormant Customers,Dormant Customers
13034,54,2,642.77,2,321.385,False,2,Recent Low-Engagement,Recent Low-Engagement
13035,73,2,921.88,2,460.94,False,2,Recent Low-Engagement,Recent Low-Engagement
13037,138,3,881.07,3,293.69,False,2,Recent Low-Engagement,Recent Low-Engagement
13038,80,3,908.46,3,302.82,False,2,Recent Low-Engagement,Recent Low-Engagement
13040,8,2,676.99,2,338.495,False,2,Recent Low-Engagement,Recent Low-Engagement
13043,273,1,516.42,1,516.42,False,0,Dormant Customers,Dormant Customers
13044,291,1,560.47,1,560.47,False,0,Dormant Customers,Dormant Customers
13045,99,1,305.28000000000003,1,305.28000000000003,False,3,,
13046,30,2,629.31,2,314.655,False,2,Recent Low-Engagement,Recent Low-Engagement
13047,31,10,3237.54,8,323.754,False,4,Regular Buyers,Regular Buyers
13048,14,4,1835.91,4,458.9775,False,4,Regular Buyers,Regular Buyers
13049,64,2,656.6800000000001,2,328.34000000000003,False,2,Recent Low-Engagement,Recent Low-Engagement
13050,14,17,5836.86,10,343.3447058823529,False,1,High-Value & Active,High-Value & Active
13052,212,1,348.15000000000003,1,348.15000000000003,False,0,Dormant Customers,Dormant Customers
13055,78,3,1214.41,2,404.80333333333334,False,2,Recent Low-Engagement,Recent Low-Engagement
13058,24,3,271.40000000000003,3,90.46666666666668,False,3,,
13059,249,1,183.4,1,183.4,False,0,Dormant Customers,Dormant Customers
13060,253,1,307.53,1,307.53,False,0,Dormant Customers,Dormant Customers
13061,72,1,248.61,1,248.61,False,3,,
13062,191,1,346.98,1,346.98,False,0,Dormant Customers,Dormant Customers
13064,12,4,1119.49,4,279.8725,False,2,Recent Low-Engagement,Recent Low-Engagement
13065,373,1,205.86,1,205.86,False,0,Dormant Customers,Dormant Customers
13066,24,2,470.8,1,235.4,False,2,Recent Low-Engagement,Recent Low-Engagement
13067,82,1,115.46000000000001,1,115.46000000000001,False,3,,
13068,10,2,344.0,2,172.0,False,3,,
13069,0,24,4436.12,13,184.83833333333334,False,1,High-Value & Active,High-Value & Active
13070,192,1,228.8,1,228.8,False,0,Dormant Customers,Dormant Customers
13072,266,1,177.15,1,177.15,False,0,Dormant Customers,Dormant Customers
13075,129,1,919.61,1,919.61,False,2,Recent Low-Engagement,Recent Low-Engagement
13077,1,4,729.27,3,182.3175,False,2,Recent Low-Engagement,Recent Low-Engagement
13078,3,26,12627.94,13,485.69,False,1,High-Value & Active,High-Value & Active
13079,4,5,220.10000000000002,4,44.02,False,2,Recent Low-Engagement,Recent Low-Engagement
13080,179,1,58.08,1,58.08,False,0,Dormant Customers,Dormant Customers
13081,11,11,28337.38,7,2576.1254545454544,False,1,High-Value & Active,High-Value & Active
13082,126,9,3613.63,6,401.51444444444445,False,4,Regular Buyers,Regular Buyers
13083,4,2,303.75,2,151.875,False,3,,
13085,157,2,416.08000000000004,2,208.04000000000002,False,2,Recent Low-Engagement,Recent Low-Engagement
13089,2,97,58825.83,13,606.4518556701031,False,1,High-Value & Active,High-Value & Active
13090,8,14,8910.82,10,636.4871428571429,False,1,High-Value & Active,High-Value & Active
13091,28,1,345.82,1,345.82,False,3,,
13092,70,5,477.83,5,95.566,False,2,Recent Low-Engagement,Recent Low-Engagement
13093,275,8,7832.47,4,979.05875,False,4,Regular Buyers,Regular Buyers
13094,21,12,1927.3200000000002,10,160.61,False,4,Regular Buyers,Regular Buyers
13095,70,1,74.39999999999999,1,74.39999999999999,False,3,,
13097,32,10,6010.42,9,601.042,False,1,High-Value & Active,High-Value & Active
13098,1,28,28882.44,12,1031.5157142857142,False,1,High-Value & Active,High-Value & Active
13099,99,1,207.35999999999999,1,207.35999999999999,False,3,,
13101,234,1,101.19,1,101.19,False,0,Dormant Customers,Dormant Customers
13102,1,24,6424.09,12,267.67041666666665,False,1,High-Value & Active,High-Value & Active
13103,39,1,243.94,1,243.94,False,3,,
13104,3,6,1098.48,6,183.08,False,4,Regular Buyers,Regular Buyers
13106,133,1,76.5,1,76.5,False,3,,
13107,44,4,1531.6200000000001,4,382.90500000000003,False,4,Regular Buyers,Regular Buyers
13108,372,1,350.06,1,350.06,False,0,Dormant Customers,Dormant Customers
13109,59,2,786.54,2,393.27,False,2,Recent Low-Engagement,Recent Low-Engagement
13110,31,7,1488.67,5,212.66714285714286,False,4,Regular Buyers,Regular Buyers
13113,0,24,12245.960000000001,11,510.2483333333334,False,1,High-Value & Active,High-Value & Active
13115,11,4,2294.78,3,573.695,False,4,Regular Buyers,Regular Buyers
13116,138,1,501.14,1,501.14,False,3,,
13117,21,8,984.91,7,123.11375,False,4,Regular Buyers,Regular Buyers
13118,19,5,1197.81,4,239.56199999999998,False,4,Regular Buyers,Regular Buyers
13120,238,1,30.599999999999998,1,30.599999999999998,False,0,Dormant Customers,Dormant Customers
13121,269,1,283.73,1,283.73,False,0,Dormant Customers,Dormant Customers
13122,94,2,922.39,2,461.195,False,2,Recent Low-Engagement,Recent Low-Engagement
13124,89,3,3866.33,3,1288.7766666666666,False,4,Regular Buyers,Regular Buyers
13126,4,8,2099.64,6,262.455,False,4,Regular Buyers,Regular Buyers
13127,77,1,259.17,1,259.17,False,3,,
13130,94,1,64.0,1,64.0,False,3,,
13131,23,3,1073.3,3,357.76666666666665,False,2,Recent Low-Engagement,Recent Low-Engagement
13132,261,1,77.3,1,77.3,False,0,Dormant Customers,Dormant Customers
13133,273,2,109.8,2,54.9,False,0,Dormant Customers,Dormant Customers
13134,85,4,1793.58,3,448.395,False,4,Regular Buyers,Regular Buyers
13135,196,1,3096.0,1,3096.0,False,2,Recent Low-Engagement,Recent Low-Engagement
13136,56,5,2607.61,4,521.522,False,4,Regular Buyers,Regular Buyers
13137,10,8,3650.41,7,456.30125,False,4,Regular Buyers,Regular Buyers
13138,22,6,962.39,6,160.39833333333334,False,4,Regular Buyers,Regular Buyers
13139,16,7,5064.94,5,723.5628571428571,False,4,Regular Buyers,Regular Buyers
13140,108,3,423.72,2,141.24,False,2,Recent Low-Engagement,Recent Low-Engagement
13141,84,5,2388.75,4,477.75,False,4,Regular Buyers,Regular Buyers
13142,19,1,307.09,1,307.09,False,3,,
13144,332,1,110.95,1,110.95,False,0,Dormant Customers,Dormant Customers
13145,39,4,618.52,4,154.63,False,2,Recent Low-Engagement,Recent Low-Engagement
13146,26,1,228.91,1,228.91,False,3,,
13147,10,4,712.8000000000001,3,178.20000000000002,False,2,Recent Low-Engagement,Recent Low-Engagement
13148,29,12,3707.12,6,308.9266666666667,False,1,High-Value & Active,High-Value & Active
13149,14,4,1676.06,4,419.015,False,4,Regular Buyers,Regular Buyers
13151,295,1,1257.8700000000001,1,1257.8700000000001,False,0,Dormant Customers,Dormant Customers
13153,5,1,486.22,1,486.22,False,3,,
13155,33,4,971.76,4,242.94,False,2,Recent Low-Engagement,Recent Low-Engagement
13157,49,4,1741.22,4,435.305,False,4,Regular Buyers,Regular Buyers
13158,94,4,1201.06,4,300.265,False,2,Recent Low-Engagement,Recent Low-Engagement
13159,8,4,1437.85,3,359.4625,False,4,Regular Buyers,Regular Buyers
13160,22,1,91.8,1,91.8,False,3,,
13161,313,1,112.75,1,112.75,False,0,Dormant Customers,Dormant Customers
13162,122,4,1688.29,4,422.0725,False,2,Recent Low-Engagement,Recent Low-Engagement
13165,46,2,1021.48,2,510.74,False,2,Recent Low-Engagement,Recent Low-Engagement
13166,283,1,417.2,1,417.2,False,0,Dormant Customers,Dormant Customers
13167,18,4,791.33,4,197.8325,False,2,Recent Low-Engagement,Recent Low-Engagement
13168,36,4,1319.19,4,329.7975,False,4,Regular Buyers,Regular Buyers
13169,63,2,712.88,2,356.44,False,2,Recent Low-Engagement,Recent Low-Engagement
13170,26,1,116.00999999999999,1,116.00999999999999,False,3,,
13171,21,3,468.41,3,156.13666666666668,False,2,Recent Low-Engagement,Recent Low-Engagement
13173,4,2,353.65,2,176.825,False,3,,
13174,16,3,2817.03,3,939.0100000000001,False,4,Regular Buyers,Regular Buyers
13176,46,1,492.84,1,492.84,False,3,,
13177,64,1,282.45,1,282.45,False,3,,
13178,26,11,5725.47,8,520.4972727272727,False,1,High-Value & Active,High-Value & Active
13182,45,1,121.18,1,121.18,False,3,,
13183,7,9,3957.78,8,439.75333333333333,False,4,Regular Buyers,Regular Buyers
13184,14,10,1701.29,6,170.129,False,4,Regular Buyers,Regular Buyers
13185,267,1,71.4,1,71.4,False,0,Dormant Customers,Dormant Customers
13186,39,3,1575.89,3,525.2966666666667,False,2,Recent Low-Engagement,Recent Low-Engagement
13187,337,1,236.02,1,236.02,False,0,Dormant Customers,Dormant Customers
13188,11,1,114.60000000000001,1,114.60000000000001,False,3,,
13189,18,2,260.68,2,130.34,False,3,,
13192,95,2,911.94,2,455.97,False,2,Recent Low-Engagement,Recent Low-Engagement
13193,61,1,117.88,1,117.88,False,3,,
13194,135,1,60.7,1,60.7,False,3,,
13196,11,4,1797.78,3,449.445,False,4,Regular Buyers,Regular Buyers
13198,10,6,3401.2400000000002,6,566.8733333333333,False,4,Regular Buyers,Regular Buyers
13199,3,38,9817.12,13,258.34526315789475,False,1,High-Value & Active,High-Value & Active
13200,19,4,870.09,3,217.5225,False,2,Recent Low-Engagement,Recent Low-Engagement
13203,9,4,869.46,4,217.365,False,2,Recent Low-Engagement,Recent Low-Engagement
13207,15,2,250.26000000000002,2,125.13000000000001,False,3,,
13208,58,6,1223.9,5,203.98333333333335,False,4,Regular Buyers,Regular Buyers
13209,30,8,5891.61,6,736.45125,False,4,Regular Buyers,Regular Buyers
13210,93,1,353.48,1,353.48,False,3,,
13211,10,3,1197.42,3,399.14000000000004,False,2,Recent Low-Engagement,Recent Low-Engagement
13212,19,3,788.08,2,262.6933333333333,False,2,Recent Low-Engagement,Recent Low-Engagement
13213,56,5,1520.58,4,304.116,False,4,Regular Buyers,Regular Buyers
13216,267,1,333.74,1,333.74,False,0,Dormant Customers,Dormant Customers
13217,122,3,533.98,2,177.99333333333334,False,2,Recent Low-Engagement,Recent Low-Engagement
13218,127,1,62.63999999999999,1,62.63999999999999,False,3,,
13220,78,4,819.2900000000001,4,204.82250000000002,False,2,Recent Low-Engagement,Recent Low-Engagement
13221,240,2,847.41,2,423.705,False,0,Dormant Customers,Dormant Customers
13223,200,2,163.20000000000002,2,81.60000000000001,False,0,Dormant Customers,Dormant Customers
13224,60,2,2155.95,2,1077.975,False,2,Recent Low-Engagement,Recent Low-Engagement
13225,3,7,6463.84,7,923.4057142857143,False,4,Regular Buyers,Regular Buyers
13226,273,1,108.21000000000001,1,108.21000000000001,False,0,Dormant Customers,Dormant Customers
13227,201,1,257.7,1,257.7,False,0,Dormant Customers,Dormant Customers
13228,81,1,358.0,1,358.0,False,3,,
13229,225,1,160.95,1,160.95,False,0,Dormant Customers,Dormant Customers
13230,4,14,2806.97,9,200.49785714285713,False,1,High-Value & Active,High-Value & Active
13232,12,7,1357.6,5,193.94285714285712,False,4,Regular Buyers,Regular Buyers
13233,74,2,605.12,2,302.56,False,2,Recent Low-Engagement,Recent Low-Engagement
13235,212,1,1031.07,1,1031.07,False,0,Dormant Customers,Dormant Customers
13236,24,2,744.85,2,372.425,False,2,Recent Low-Engagement,Recent Low-Engagement
13238,17,4,700.73,3,175.1825,False,2,Recent Low-Engagement,Recent Low-Engagement
13239,261,1,329.56,1,329.56,False,0,Dormant Customers,Dormant Customers
13240,96,4,663.65,4,165.9125,False,2,Recent Low-Engagement,Recent Low-Engagement
13242,112,3,270.40000000000003,2,90.13333333333334,False,3,,
13243,203,1,600.07,1,600.07,False,0,Dormant Customers,Dormant Customers
13244,92,1,121.74000000000001,1,121.74000000000001,False,3,,
13245,50,1,430.5,1,430.5,False,3,,
13246,18,6,1987.3,5,331.21666666666664,False,4,Regular Buyers,Regular Buyers
13247,17,4,501.12,3,125.28,False,2,Recent Low-Engagement,Recent Low-Engagement
13248,124,2,465.68,2,232.84,False,2,Recent Low-Engagement,Recent Low-Engagement
13249,92,3,711.41,2,237.13666666666666,False,2,Recent Low-Engagement,Recent Low-Engagement
13253,156,2,1030.4,2,515.2,False,2,Recent Low-Engagement,Recent Low-Engagement
13255,9,2,399.51,2,199.755,False,3,,
13258,11,3,698.58,2,232.86,False,2,Recent Low-Engagement,Recent Low-Engagement
13259,61,1,292.32,1,292.32,False,3,,
13260,61,1,557.62,1,557.62,False,3,,
13261,268,2,944.1,2,472.05,False,0,Dormant Customers,Dormant Customers
13262,263,1,200.29,1,200.29,False,0,Dormant Customers,Dormant Customers
13263,1,35,7454.07,11,212.97342857142857,False,1,High-Value & Active,High-Value & Active
13265,53,5,2107.66,5,421.532,False,4,Regular Buyers,Regular Buyers
13266,11,12,3834.2599999999998,9,319.52166666666665,False,1,High-Value & Active,High-Value & Active
13267,2,19,4521.49,10,237.97315789473683,False,1,High-Value & Active,High-Value & Active
13268,17,11,3214.69,6,292.24454545454546,False,4,Regular Buyers,Regular Buyers
13269,1,15,5346.2300000000005,10,356.41533333333336,False,1,High-Value & Active,High-Value & Active
13270,366,1,590.0,1,590.0,False,0,Dormant Customers,Dormant Customers
13271,37,1,217.38,1,217.38,False,3,,
13272,31,2,276.56,2,138.28,False,3,,
13273,113,1,138.98,1,138.98,False,3,,
13276,63,2,590.9300000000001,2,295.46500000000003,False,2,Recent Low-Engagement,Recent Low-Engagement
13277,15,4,258.4,3,64.6,False,2,Recent Low-Engagement,Recent Low-Engagement
13278,40,1,542.73,1,542.73,False,3,,
13279,78,1,137.75,1,137.75,False,3,,
13280,122,3,814.86,2,271.62,False,2,Recent Low-Engagement,Recent Low-Engagement
13282,18,3,1132.14,3,377.38000000000005,False,2,Recent Low-Engagement,Recent Low-Engagement
13283,59,2,93.66,2,46.83,False,3,,
13284,330,1,201.19,1,201.19,False,0,Dormant Customers,Dormant Customers
13285,23,4,2709.12,4,677.28,False,4,Regular Buyers,Regular Buyers
13291,155,1,361.11,1,361.11,False,3,,
13292,38,2,578.9399999999999,2,289.46999999999997,False,2,Recent Low-Engagement,Recent Low-Engagement
13294,189,2,873.74,2,436.87,False,0,Dormant Customers,Dormant Customers
13295,359,1,201.20000000000002,1,201.20000000000002,False,0,Dormant Customers,Dormant Customers
13296,137,1,87.4,1,87.4,False,3,,
13297,7,4,2089.85,3,522.4625,False,4,Regular Buyers,Regular Buyers
13298,1,1,360.0,1,360.0,False,3,,
13299,268,1,142.5,1,142.5,False,0,Dormant Customers,Dormant Customers
13300,169,1,371.89,1,371.89,False,0,Dormant Customers,Dormant Customers
13301,103,4,618.09,4,154.5225,False,2,Recent Low-Engagement,Recent Low-Engagement
13302,155,1,63.75,1,63.75,False,3,,
13304,351,1,300.42,1,300.42,False,0,Dormant Customers,Dormant Customers
13305,4,10,2000.86,9,200.08599999999998,False,4,Regular Buyers,Regular Buyers
13307,120,1,15.0,1,15.0,False,3,,
13308,22,3,1385.51,3,461.83666666666664,False,2,Recent Low-Engagement,Recent Low-Engagement
13309,7,5,1456.79,5,291.358,False,4,Regular Buyers,Regular Buyers
13310,28,3,1132.03,3,377.3433333333333,False,2,Recent Low-Engagement,Recent Low-Engagement
13311,4,2,598.57,2,299.285,False,2,Recent Low-Engagement,Recent Low-Engagement
13313,22,5,1555.32,4,311.06399999999996,False,4,Regular Buyers,Regular Buyers
13314,1,3,775.94,3,258.6466666666667,False,2,Recent Low-Engagement,Recent Low-Engagement
13316,37,4,5977.7300000000005,4,1494.4325000000001,False,4,Regular Buyers,Regular Buyers
13317,66,6,2273.68,4,378.94666666666666,False,4,Regular Buyers,Regular Buyers
13318,1,3,640.76,2,213.58666666666667,False,2,Recent Low-Engagement,Recent Low-Engagement
13319,5,26,10845.550000000001,13,417.1365384615385,False,1,High-Value & Active,High-Value & Active
13320,78,4,1548.7,3,387.175,False,4,Regular Buyers,Regular Buyers
13321,72,2,567.36,1,283.68,False,2,Recent Low-Engagement,Recent Low-Engagement
13322,17,1,199.48000000000002,1,199.48000000000002,False,3,,
13323,3,5,787.85,3,157.57,False,4,Regular Buyers,Regular Buyers
13324,36,10,7121.95,6,712.1949999999999,False,1,High-Value & Active,High-Value & Active
13325,81,1,675.3,1,675.3,False,2,Recent Low-Engagement,Recent Low-Engagement
13327,38,8,3627.77,7,453.47125,False,4,Regular Buyers,Regular Buyers
13328,316,1,1308.48,1,1308.48,False,0,Dormant Customers,Dormant Customers
13329,31,2,789.0,2,394.5,False,2,Recent Low-Engagement,Recent Low-Engagement
13330,92,3,1140.93,3,380.31,False,2,Recent Low-Engagement,Recent Low-Engagement
13332,14,1,350.9,1,350.9,False,3,,
13334,82,3,3536.82,3,1178.94,False,4,Regular Buyers,Regular Buyers
13336,77,1,795.12,1,795.12,False,2,Recent Low-Engagement,Recent Low-Engagement
13338,157,1,487.02,1,487.02,False,0,Dormant Customers,Dormant Customers
13339,200,1,860.12,1,860.12,False,0,Dormant Customers,Dormant Customers
13340,45,7,10736.48,4,1533.782857142857,False,4,Regular Buyers,Regular Buyers
13341,260,1,775.85,1,775.85,False,0,Dormant Customers,Dormant Customers
13343,177,1,353.43,1,353.43,False,0,Dormant Customers,Dormant Customers
13344,67,3,2543.72,2,847.9066666666666,False,4,Regular Buyers,Regular Buyers
13345,287,1,389.5,1,389.5,False,0,Dormant Customers,Dormant Customers
13347,70,1,341.36,1,341.36,False,3,,
13348,64,1,233.76,1,233.76,False,3,,
13349,10,1,247.32,1,247.32,False,3,,
13350,16,2,979.12,2,489.56,False,2,Recent Low-Engagement,Recent Low-Engagement
13351,66,1,373.94,1,373.94,False,3,,
13352,60,1,397.97999999999996,1,397.97999999999996,False,3,,
13354,71,1,743.53,1,743.53,False,2,Recent Low-Engagement,Recent Low-Engagement
13355,122,1,674.7,1,674.7,False,2,Recent Low-Engagement,Recent Low-Engagement
13356,80,1,768.24,1,768.24,False,2,Recent Low-Engagement,Recent Low-Engagement
13357,257,1,609.95,1,609.95,False,0,Dormant Customers,Dormant Customers
13358,268,1,439.03,1,439.03,False,0,Dormant Customers,Dormant Customers
13359,63,1,439.56,1,439.56,False,3,,
13362,9,4,3090.7400000000002,4,772.6850000000001,False,4,Regular Buyers,Regular Buyers
13363,17,2,992.5,2,496.25,False,2,Recent Low-Engagement,Recent Low-Engagement
13364,71,1,134.95999999999998,1,134.95999999999998,False,3,,
13365,33,2,2225.37,2,1112.685,False,2,Recent Low-Engagement,Recent Low-Engagement
13366,50,1,56.160000000000004,1,56.160000000000004,False,3,,
13368,256,2,623.4,2,311.7,False,0,Dormant Customers,Dormant Customers
13369,365,1,308.28000000000003,1,308.28000000000003,False,0,Dormant Customers,Dormant Customers
13370,371,1,754.87,1,754.87,False,0,Dormant Customers,Dormant Customers
13372,89,1,378.64,1,378.64,False,3,,
13373,60,3,3312.25,3,1104.0833333333333,False,4,Regular Buyers,Regular Buyers
13375,88,1,778.65,1,778.65,False,2,Recent Low-Engagement,Recent Low-Engagement
13376,99,3,1019.76,3,339.92,False,2,Recent Low-Engagement,Recent Low-Engagement
13379,26,3,572.56,3,190.85333333333332,False,2,Recent Low-Engagement,Recent Low-Engagement
13381,31,6,3639.31,6,606.5516666666666,False,4,Regular Buyers,Regular Buyers
13382,280,1,222.99,1,222.99,False,0,Dormant Customers,Dormant Customers
13384,30,7,4151.93,5,593.1328571428572,False,4,Regular Buyers,Regular Buyers
13385,329,1,534.57,1,534.57,False,0,Dormant Customers,Dormant Customers
13388,131,2,677.1,1,338.55,False,2,Recent Low-Engagement,Recent Low-Engagement
13389,11,3,797.96,3,265.9866666666667,False,2,Recent Low-Engagement,Recent Low-Engagement
13390,74,1,544.08,1,544.08,False,3,,
13391,203,1,59.8,1,59.8,False,0,Dormant Customers,Dormant Customers
13394,1,8,2520.02,8,315.0025,False,4,Regular Buyers,Regular Buyers
13395,185,1,307.72,1,307.72,False,0,Dormant Customers,Dormant Customers
13396,29,2,1360.99,2,680.495,False,2,Recent Low-Engagement,Recent Low-Engagement
13397,72,5,1544.13,5,308.826,False,4,Regular Buyers,Regular Buyers
13398,192,1,457.34,1,457.34,False,0,Dormant Customers,Dormant Customers
13402,127,2,621.23,2,310.615,False,2,Recent Low-Engagement,Recent Low-Engagement
13403,17,1,75.0,1,75.0,False,3,,
13404,1,2,252.49,2,126.245,False,3,,
13405,74,3,572.451,3,190.817,False,2,Recent Low-Engagement,Recent Low-Engagement
13408,1,62,28117.04,13,453.5006451612903,False,1,High-Value & Active,High-Value & Active
13410,24,5,1003.06,5,200.612,False,4,Regular Buyers,Regular Buyers
13411,107,1,213.55,1,213.55,False,3,,
13414,133,3,1390.5,2,463.5,False,2,Recent Low-Engagement,Recent Low-Engagement
13416,43,2,712.5,2,356.25,False,2,Recent Low-Engagement,Recent Low-Engagement
13417,4,2,640.83,2,320.415,False,2,Recent Low-Engagement,Recent Low-Engagement
13418,11,18,6127.43,9,340.4127777777778,False,1,High-Value & Active,High-Value & Active
13419,63,1,221.06,1,221.06,False,3,,
13420,149,2,159.85,2,79.925,False,3,,
13421,40,2,1851.08,2,925.54,False,2,Recent Low-Engagement,Recent Low-Engagement
13422,64,1,2626.3,1,2626.3,False,2,Recent Low-Engagement,Recent Low-Engagement
13425,108,3,1624.21,3,541.4033333333333,False,2,Recent Low-Engagement,Recent Low-Engagement
13426,0,10,3641.32,9,364.132,False,4,Regular Buyers,Regular Buyers
13427,19,3,582.6,3,194.20000000000002,False,2,Recent Low-Engagement,Recent Low-Engagement
13428,10,1,218.47,1,218.47,False,3,,
13429,10,4,1006.8,3,251.7,False,2,Recent Low-Engagement,Recent Low-Engagement
13430,18,2,679.45,2,339.725,False,2,Recent Low-Engagement,Recent Low-Engagement
13431,67,2,1269.1,2,634.55,False,2,Recent Low-Engagement,Recent Low-Engagement
13434,74,2,534.24,1,267.12,False,2,Recent Low-Engagement,Recent Low-Engagement
13435,5,7,3809.8900000000003,6,544.2700000000001,False,4,Regular Buyers,Regular Buyers
13436,1,1,196.89,1,196.89,False,3,,
13437,14,7,3408.06,4,486.86571428571426,False,4,Regular Buyers,Regular Buyers
13439,255,1,283.71,1,283.71,False,0,Dormant Customers,Dormant Customers
13441,91,1,296.64,1,296.64,False,3,,
13447,23,3,1129.14,1,376.38000000000005,False,2,Recent Low-Engagement,Recent Low-Engagement
13448,16,6,3539.37,4,589.895,False,4,Regular Buyers,Regular Buyers
13449,23,1,291.88,1,291.88,False,3,,
13450,26,6,2043.7199999999998,5,340.61999999999995,False,4,Regular Buyers,Regular Buyers
13451,26,5,2976.15,5,595.23,False,4,Regular Buyers,Regular Buyers
13452,259,2,590.0,1,295.0,False,0,Dormant Customers,Dormant Customers
13453,165,2,356.97999999999996,2,178.48999999999998,False,0,Dormant Customers,Dormant Customers
13455,24,2,1058.34,2,529.17,False,2,Recent Low-Engagement,Recent Low-Engagement
13456,17,6,1766.72,5,294.4533333333333,False,4,Regular Buyers,Regular Buyers
13458,7,14,9646.57,11,689.0407142857142,False,1,High-Value & Active,High-Value & Active
13460,29,2,183.44,2,91.72,False,3,,
13461,38,3,1445.0,3,481.6666666666667,False,2,Recent Low-Engagement,Recent Low-Engagement
13462,252,1,151.5,1,151.5,False,0,Dormant Customers,Dormant Customers
13464,58,1,674.68,1,674.68,False,2,Recent Low-Engagement,Recent Low-Engagement
13466,184,1,307.9,1,307.9,False,0,Dormant Customers,Dormant Customers
13467,10,2,1083.71,1,541.855,False,2,Recent Low-Engagement,Recent Low-Engagement
13468,1,37,5704.97,13,154.1883783783784,False,1,High-Value & Active,High-Value & Active
13470,99,2,165.0,2,82.5,False,3,,
13471,1,4,2531.58,3,632.895,False,4,Regular Buyers,Regular Buyers
13473,60,2,422.64,2,211.32,False,2,Recent Low-Engagement,Recent Low-Engagement
13474,236,1,229.59,1,229.59,False,0,Dormant Customers,Dormant Customers
13475,191,4,1431.78,4,357.945,False,2,Recent Low-Engagement,Recent Low-Engagement
13476,178,2,1238.47,2,619.235,False,2,Recent Low-Engagement,Recent Low-Engagement
13477,37,6,1454.58,6,242.42999999999998,False,4,Regular Buyers,Regular Buyers
13479,200,2,300.95,2,150.475,False,0,Dormant Customers,Dormant Customers
13481,45,5,1804.56,4,360.912,False,4,Regular Buyers,Regular Buyers
13482,232,1,184.64,1,184.64,False,0,Dormant Customers,Dormant Customers
13483,65,1,140.34,1,140.34,False,3,,
13484,241,1,313.8,1,313.8,False,0,Dormant Customers,Dormant Customers
13485,233,1,454.24,1,454.24,False,0,Dormant Customers,Dormant Customers
13486,78,3,1122.41,3,374.1366666666667,False,2,Recent Low-Engagement,Recent Low-Engagement
13487,57,3,575.4,3,191.79999999999998,False,2,Recent Low-Engagement,Recent Low-Engagement
13488,17,13,8968.31,10,689.87,False,1,High-Value & Active,High-Value & Active
13489,105,4,449.52,3,112.38,False,2,Recent Low-Engagement,Recent Low-Engagement
13491,51,10,1215.82,7,121.582,False,4,Regular Buyers,Regular Buyers
13492,136,3,1269.84,2,423.28,False,2,Recent Low-Engagement,Recent Low-Engagement
13493,275,2,618.63,2,309.315,False,0,Dormant Customers,Dormant Customers
13494,311,1,316.26000000000005,1,316.26000000000005,False,0,Dormant Customers,Dormant Customers
13495,7,5,2044.8700000000001,4,408.97400000000005,False,4,Regular Buyers,Regular Buyers
13496,10,2,653.33,2,326.665,False,2,Recent Low-Engagement,Recent Low-Engagement
13497,282,2,348.05,2,174.025,False,0,Dormant Customers,Dormant Customers
13499,17,5,1159.11,4,231.82199999999997,False,4,Regular Buyers,Regular Buyers
13500,23,3,1166.77,2,388.92333333333335,False,2,Recent Low-Engagement,Recent Low-Engagement
13501,288,1,1340.32,1,1340.32,False,0,Dormant Customers,Dormant Customers
13502,16,3,292.0,3,97.33333333333333,False,2,Recent Low-Engagement,Recent Low-Engagement
13503,71,1,216.85,1,216.85,False,3,,
13504,64,1,295.93,1,295.93,False,3,,
13505,72,4,4393.63,4,1098.4075,False,4,Regular Buyers,Regular Buyers
13506,316,2,458.52,2,229.26,False,0,Dormant Customers,Dormant Customers
13507,3,4,2479.16,4,619.79,False,4,Regular Buyers,Regular Buyers
13508,243,1,110.97,1,110.97,False,0,Dormant Customers,Dormant Customers
13509,8,7,979.72,6,139.96,False,4,Regular Buyers,Regular Buyers
13510,1,4,1791.56,4,447.89,False,4,Regular Buyers,Regular Buyers
13512,260,1,251.21,1,251.21,False,0,Dormant Customers,Dormant Customers
13513,126,1,205.1,1,205.1,False,3,,
13514,73,1,152.20000000000002,1,152.20000000000002,False,3,,
13515,72,4,891.12,4,222.78,False,2,Recent Low-Engagement,Recent Low-Engagement
13516,21,3,1389.41,3,463.1366666666667,False,2,Recent Low-Engagement,Recent Low-Engagement
13517,59,3,2128.42,3,709.4733333333334,False,2,Recent Low-Engagement,Recent Low-Engagement
13518,85,1,659.4399999999999,1,659.4399999999999,False,3,,
13519,78,1,122.75,1,122.75,False,3,,
13520,58,6,3624.35,6,604.0583333333333,False,4,Regular Buyers,Regular Buyers
13521,1,3,1093.65,2,364.55,False,2,Recent Low-Engagement,Recent Low-Engagement
13522,30,1,125.80000000000001,1,125.80000000000001,False,3,,
13523,33,5,3964.88,4,792.976,False,4,Regular Buyers,Regular Buyers
13524,40,5,680.1800000000001,5,136.036,False,2,Recent Low-Engagement,Recent Low-Engagement
13525,14,2,628.78,2,314.39,False,2,Recent Low-Engagement,Recent Low-Engagement
13527,33,7,2287.51,5,326.7871428571429,False,4,Regular Buyers,Regular Buyers
13529,78,2,307.76,2,153.88,False,3,,
13531,205,2,483.8,2,241.9,False,0,Dormant Customers,Dormant Customers
13532,33,1,210.31,1,210.31,False,3,,
13533,182,3,270.79,2,90.26333333333334,False,0,Dormant Customers,Dormant Customers
13534,2,25,5870.08,12,234.8032,False,1,High-Value & Active,High-Value & Active
13536,1,7,3448.29,4,492.61285714285714,False,4,Regular Buyers,Regular Buyers
13538,43,7,1280.85,7,182.97857142857143,False,4,Regular Buyers,Regular Buyers
13539,85,3,631.34,3,210.4466666666667,False,2,Recent Low-Engagement,Recent Low-Engagement
13544,39,2,291.41,2,145.705,False,3,,
13546,12,3,626.99,3,208.99666666666667,False,2,Recent Low-Engagement,Recent Low-Engagement
13548,96,2,682.41,2,341.205,False,2,Recent Low-Engagement,Recent Low-Engagement
13549,25,7,918.2,5,131.17142857142858,False,4,Regular Buyers,Regular Buyers
13551,319,1,91.80000000000001,1,91.80000000000001,False,0,Dormant Customers,Dormant Customers
13552,66,12,3740.07,7,311.6725,False,1,High-Value & Active,High-Value & Active
13555,73,4,4149.28,2,1037.32,False,4,Regular Buyers,Regular Buyers
13557,28,2,584.06,2,292.03,False,2,Recent Low-Engagement,Recent Low-Engagement
13558,5,4,605.06,3,151.265,False,2,Recent Low-Engagement,Recent Low-Engagement
13560,7,1,174.37,1,174.37,False,3,,
13561,215,1,141.85999999999999,1,141.85999999999999,False,0,Dormant Customers,Dormant Customers
13562,81,3,1799.33,3,599.7766666666666,False,2,Recent Low-Engagement,Recent Low-Engagement
13563,84,2,777.53,2,388.765,False,2,Recent Low-Engagement,Recent Low-Engagement
13564,144,3,1749.02,2,583.0066666666667,False,2,Recent Low-Engagement,Recent Low-Engagement
13565,19,2,240.22,2,120.11,False,3,,
13566,40,2,874.71,2,437.355,False,2,Recent Low-Engagement,Recent Low-Engagement
13568,173,1,192.85,1,192.85,False,0,Dormant Customers,Dormant Customers
13569,17,2,373.75,2,186.875,False,3,,
13570,243,1,239.49,1,239.49,False,0,Dormant Customers,Dormant Customers
13571,12,12,2092.32,9,174.36,False,4,Regular Buyers,Regular Buyers
13572,205,1,1384.25,1,1384.25,False,0,Dormant Customers,Dormant Customers
13573,50,2,294.4,2,147.2,False,3,,
13575,23,5,732.0699999999999,5,146.414,False,2,Recent Low-Engagement,Recent Low-Engagement
13576,10,18,6717.34,12,373.18555555555554,False,1,High-Value & Active,High-Value & Active
13577,25,4,1687.6000000000001,4,421.90000000000003,False,4,Regular Buyers,Regular Buyers
13579,14,2,467.04,2,233.52,False,2,Recent Low-Engagement,Recent Low-Engagement
13581,309,1,118.0,1,118.0,False,0,Dormant Customers,Dormant Customers
13583,155,1,781.03,1,781.03,False,2,Recent Low-Engagement,Recent Low-Engagement
13584,306,1,142.4,1,142.4,False,0,Dormant Customers,Dormant Customers
13587,63,1,712.4,1,712.4,False,2,Recent Low-Engagement,Recent Low-Engagement
13588,15,9,2478.95,6,275.43888888888887,False,4,Regular Buyers,Regular Buyers
13589,14,2,379.65,2,189.825,False,3,,
13590,11,6,1981.92,6,330.32,False,4,Regular Buyers,Regular Buyers
13591,64,3,1117.13,3,372.3766666666667,False,2,Recent Low-Engagement,Recent Low-Engagement
13592,35,4,247.95999999999998,3,61.989999999999995,False,2,Recent Low-Engagement,Recent Low-Engagement
13593,108,5,2037.0800000000002,4,407.41600000000005,False,4,Regular Buyers,Regular Buyers
13594,52,1,396.97,1,396.97,False,3,,
13596,5,2,697.04,2,348.52,False,2,Recent Low-Engagement,Recent Low-Engagement
13598,47,1,180.17000000000002,1,180.17000000000002,False,3,,
13599,1,21,5153.67,9,245.41285714285715,False,1,High-Value & Active,High-Value & Active
13600,312,1,219.52,1,219.52,False,0,Dormant Customers,Dormant Customers
13601,45,2,693.32,2,346.66,False,2,Recent Low-Engagement,Recent Low-Engagement
13602,64,1,428.89,1,428.89,False,3,,
13603,26,1,164.34,1,164.34,False,3,,
13606,29,3,280.53999999999996,3,93.51333333333332,False,3,,
13607,40,1,678.01,1,678.01,False,2,Recent Low-Engagement,Recent Low-Engagement
13610,12,7,1131.88,7,161.69714285714286,False,4,Regular Buyers,Regular Buyers
13611,89,3,1171.8,3,390.59999999999997,False,2,Recent Low-Engagement,Recent Low-Engagement
13614,24,4,1610.46,4,402.615,False,4,Regular Buyers,Regular Buyers
13615,318,1,417.69,1,417.69,False,0,Dormant Customers,Dormant Customers
13617,40,3,544.18,3,181.39333333333332,False,2,Recent Low-Engagement,Recent Low-Engagement
13618,173,1,177.34,1,177.34,False,0,Dormant Customers,Dormant Customers
13621,116,1,213.85,1,213.85,False,3,,
13623,30,5,747.78,5,149.55599999999998,False,2,Recent Low-Engagement,Recent Low-Engagement
13626,252,1,257.23,1,257.23,False,0,Dormant Customers,Dormant Customers
13627,59,5,1638.47,5,327.694,False,4,Regular Buyers,Regular Buyers
13629,23,11,7792.36,9,708.3963636363636,False,1,High-Value & Active,High-Value & Active
13630,5,7,2031.78,6,290.2542857142857,False,4,Regular Buyers,Regular Buyers
13631,99,11,3070.42,5,279.1290909090909,False,4,Regular Buyers,Regular Buyers
13632,24,5,2121.27,4,424.254,False,4,Regular Buyers,Regular Buyers
13634,33,5,1575.16,5,315.03200000000004,False,4,Regular Buyers,Regular Buyers
13635,67,1,1071.03,1,1071.03,False,2,Recent Low-Engagement,Recent Low-Engagement
13636,36,5,949.12,5,189.824,False,4,Regular Buyers,Regular Buyers
13637,52,3,810.5,3,270.1666666666667,False,2,Recent Low-Engagement,Recent Low-Engagement
13638,15,1,122.64,1,122.64,False,3,,
13639,74,1,1033.34,1,1033.34,False,2,Recent Low-Engagement,Recent Low-Engagement
13642,215,1,354.8,1,354.8,False,0,Dormant Customers,Dormant Customers
13643,31,3,519.44,3,173.14666666666668,False,2,Recent Low-Engagement,Recent Low-Engagement
13644,16,4,2624.26,4,656.065,False,4,Regular Buyers,Regular Buyers
13645,120,1,252.1,1,252.1,False,3,,
13647,9,4,1678.1200000000001,4,419.53000000000003,False,4,Regular Buyers,Regular Buyers
13649,256,2,346.6,2,173.3,False,0,Dormant Customers,Dormant Customers
13650,16,6,1836.34,5,306.0566666666667,False,4,Regular Buyers,Regular Buyers
13651,35,2,94.2,2,47.1,False,3,,
13652,45,3,1095.08,3,365.02666666666664,False,2,Recent Low-Engagement,Recent Low-Engagement
13654,43,6,2707.33,5,451.22166666666664,False,4,Regular Buyers,Regular Buyers
13655,114,2,932.97,2,466.485,False,2,Recent Low-Engagement,Recent Low-Engagement
13656,164,2,379.65,2,189.825,False,0,Dormant Customers,Dormant Customers
13657,10,2,382.14,2,191.07,False,3,,
13658,9,5,2639.17,3,527.8340000000001,False,4,Regular Buyers,Regular Buyers
13659,205,2,1573.2,2,786.6,False,0,Dormant Customers,Dormant Customers
13662,85,3,897.76,3,299.25333333333333,False,2,Recent Low-Engagement,Recent Low-Engagement
13663,179,1,189.47,1,189.47,False,0,Dormant Customers,Dormant Customers
13666,60,3,84.65,2,28.21666666666667,False,3,,
13667,149,1,305.02,1,305.02,False,3,,
13668,2,21,6363.59,12,303.02809523809526,False,1,High-Value & Active,High-Value & Active
13669,50,2,218.55,2,109.275,False,3,,
13670,75,1,349.7,1,349.7,False,3,,
13672,301,2,186.39000000000001,2,93.19500000000001,False,0,Dormant Customers,Dormant Customers
13673,18,2,396.92,1,198.46,False,3,,
13675,151,2,486.82000000000005,2,243.41000000000003,False,2,Recent Low-Engagement,Recent Low-Engagement
13678,151,1,232.6,1,232.6,False,3,,
13680,1,4,3722.42,3,930.605,False,4,Regular Buyers,Regular Buyers
13681,17,4,827.83,3,206.9575,False,2,Recent Low-Engagement,Recent Low-Engagement
13682,187,1,59.5,1,59.5,False,0,Dormant Customers,Dormant Customers
13684,285,1,67.23,1,67.23,False,0,Dormant Customers,Dormant Customers
13685,2,7,3119.44,2,445.63428571428574,False,4,Regular Buyers,Regular Buyers
13686,182,1,72.0,1,72.0,False,0,Dormant Customers,Dormant Customers
13689,63,1,910.0,1,910.0,False,2,Recent Low-Engagement,Recent Low-Engagement
13690,59,1,172.25,1,172.25,False,3,,
13692,24,3,1488.32,3,496.1066666666666,False,2,Recent Low-Engagement,Recent Low-Engagement
13694,3,50,65039.62,13,1300.7924,False,1,High-Value & Active,High-Value & Active
13695,31,15,2504.13,9,166.942,False,1,High-Value & Active,High-Value & Active
13697,38,1,151.29999999999998,1,151.29999999999998,False,3,,
13699,155,1,308.58000000000004,1,308.58000000000004,False,3,,
13700,26,10,2265.12,7,226.512,False,4,Regular Buyers,Regular Buyers
13703,318,1,99.5,1,99.5,False,0,Dormant Customers,Dormant Customers
13704,5,9,2308.06,4,256.4511111111111,False,4,Regular Buyers,Regular Buyers
13705,7,3,711.86,3,237.28666666666666,False,2,Recent Low-Engagement,Recent Low-Engagement
13706,302,1,330.79,1,330.79,False,0,Dormant Customers,Dormant Customers
13707,267,2,806.41,2,403.205,False,0,Dormant Customers,Dormant Customers
13708,271,1,296.88,1,296.88,False,0,Dormant Customers,Dormant Customers
13709,3,13,6328.05,6,486.7730769230769,False,1,High-Value & Active,High-Value & Active
13710,31,1,180.48,1,180.48,False,3,,
13711,218,2,252.06,1,126.03,False,0,Dormant Customers,Dormant Customers
13712,246,1,228.84,1,228.84,False,0,Dormant Customers,Dormant Customers
13715,281,5,1079.34,3,215.868,False,0,Dormant Customers,Dormant Customers
13716,269,1,138.28,1,138.28,False,0,Dormant Customers,Dormant Customers
13717,32,6,1445.01,6,240.835,False,4,Regular Buyers,Regular Buyers
13718,246,2,306.55,2,153.275,False,0,Dormant Customers,Dormant Customers
13719,15,5,1041.68,4,208.336,False,4,Regular Buyers,Regular Buyers
13720,116,4,799.9,4,199.975,False,2,Recent Low-Engagement,Recent Low-Engagement
13721,36,1,524.14,1,524.14,False,3,,
13722,131,3,2375.41,2,791.8033333333333,False,2,Recent Low-Engagement,Recent Low-Engagement
13723,217,1,199.85000000000002,1,199.85000000000002,False,0,Dormant Customers,Dormant Customers
13725,49,8,1980.56,5,247.57,False,4,Regular Buyers,Regular Buyers
13726,38,2,1079.6599999999999,2,539.8299999999999,False,2,Recent Low-Engagement,Recent Low-Engagement
13727,28,2,333.48,1,166.74,False,3,,
13728,36,6,1016.14,6,169.35666666666665,False,4,Regular Buyers,Regular Buyers
13730,135,2,752.6,1,376.3,False,2,Recent Low-Engagement,Recent Low-Engagement
13731,219,2,610.59,2,305.295,False,0,Dormant Customers,Dormant Customers
13732,28,1,491.86,1,491.86,False,3,,
13735,24,4,2885.2400000000002,4,721.3100000000001,False,4,Regular Buyers,Regular Buyers
13736,5,2,731.9,2,365.95,False,2,Recent Low-Engagement,Recent Low-Engagement
13737,200,1,339.59999999999997,1,339.59999999999997,False,0,Dormant Customers,Dormant Customers
13739,18,1,216.9,1,216.9,False,3,,
13740,240,1,350.75,1,350.75,False,0,Dormant Customers,Dormant Customers
13741,71,3,668.4300000000001,3,222.81000000000003,False,2,Recent Low-Engagement,Recent Low-Engagement
13742,16,12,3131.02,7,260.91833333333335,False,1,High-Value & Active,High-Value & Active
13743,2,7,1341.6,6,191.65714285714284,False,4,Regular Buyers,Regular Buyers
13744,95,2,1156.36,2,578.18,False,2,Recent Low-Engagement,Recent Low-Engagement
13745,162,1,300.04,1,300.04,False,0,Dormant Customers,Dormant Customers
13747,373,1,79.6,1,79.6,False,0,Dormant Customers,Dormant Customers
13748,95,5,948.25,3,189.65,False,2,Recent Low-Engagement,Recent Low-Engagement
13750,53,5,1647.26,5,329.452,False,4,Regular Buyers,Regular Buyers
13751,288,1,296.25,1,296.25,False,0,Dormant Customers,Dormant Customers
13752,124,6,1186.28,5,197.71333333333334,False,4,Regular Buyers,Regular Buyers
13753,287,1,741.26,1,741.26,False,0,Dormant Customers,Dormant Customers
13754,151,2,282.59999999999997,2,141.29999999999998,False,3,,
13755,3,9,2161.35,3,240.14999999999998,False,4,Regular Buyers,Regular Buyers
13756,2,14,5189.52,9,370.68,False,1,High-Value & Active,High-Value & Active
13758,11,7,3190.55,5,455.79285714285714,False,4,Regular Buyers,Regular Buyers
13759,33,2,659.4100000000001,2,329.70500000000004,False,2,Recent Low-Engagement,Recent Low-Engagement
13760,54,2,286.79,2,143.395,False,3,,
13761,50,2,1070.65,2,535.325,False,2,Recent Low-Engagement,Recent Low-Engagement
13762,218,1,306.72,1,306.72,False,0,Dormant Customers,Dormant Customers
13763,63,1,1714.96,1,1714.96,False,2,Recent Low-Engagement,Recent Low-Engagement
13764,70,3,1521.76,3,507.25333333333333,False,2,Recent Low-Engagement,Recent Low-Engagement
13767,2,37,17220.36,12,465.41513513513513,False,1,High-Value & Active,High-Value & Active
13769,2,10,2796.51,9,279.651,False,4,Regular Buyers,Regular Buyers
13771,64,4,2634.45,3,658.6125,False,4,Regular Buyers,Regular Buyers
13772,33,3,1132.13,3,377.3766666666667,False,2,Recent Low-Engagement,Recent Low-Engagement
13774,81,1,345.0,1,345.0,False,3,,
13777,0,33,25977.16,13,787.1866666666666,False,1,High-Value & Active,High-Value & Active
13778,103,1,178.7,1,178.7,False,3,,
13780,7,2,360.01,2,180.005,False,3,,
13781,250,1,127.84,1,127.84,False,0,Dormant Customers,Dormant Customers
13782,12,6,912.0,5,152.0,False,4,Regular Buyers,Regular Buyers
13784,9,11,2462.79,9,223.89,False,4,Regular Buyers,Regular Buyers
13786,367,1,230.39999999999998,1,230.39999999999998,False,0,Dormant Customers,Dormant Customers
13787,75,2,309.04,2,154.52,False,3,,
13790,4,1,348.8,1,348.8,False,3,,
13791,127,2,1516.0,2,758.0,False,2,Recent Low-Engagement,Recent Low-Engagement
13792,66,2,195.55,2,97.775,False,3,,
13798,1,57,37153.85,13,651.8219298245614,False,1,High-Value & Active,High-Value & Active
13799,116,2,688.86,2,344.43,False,2,Recent Low-Engagement,Recent Low-Engagement
13800,309,1,558.32,1,558.32,False,0,Dormant Customers,Dormant Customers
13801,66,1,324.8,1,324.8,False,3,,
13802,138,3,4599.42,3,1533.14,False,4,Regular Buyers,Regular Buyers
13803,255,1,277.07,1,277.07,False,0,Dormant Customers,Dormant Customers
13804,30,7,2635.79,4,376.5414285714286,False,4,Regular Buyers,Regular Buyers
13805,52,2,924.6,2,462.3,False,2,Recent Low-Engagement,Recent Low-Engagement
13806,63,1,256.38,1,256.38,False,3,,
13807,367,1,112.6,1,112.6,False,0,Dormant Customers,Dormant Customers
13808,5,5,1747.66,3,349.53200000000004,False,4,Regular Buyers,Regular Buyers
13809,305,1,155.05,1,155.05,False,0,Dormant Customers,Dormant Customers
13810,28,3,1499.01,2,499.67,False,2,Recent Low-Engagement,Recent Low-Engagement
13811,183,3,814.5,2,271.5,False,2,Recent Low-Engagement,Recent Low-Engagement
13812,42,3,539.0,2,179.66666666666666,False,2,Recent Low-Engagement,Recent Low-Engagement
13813,39,4,1366.8600000000001,3,341.71500000000003,False,4,Regular Buyers,Regular Buyers
13814,92,2,1579.12,2,789.56,False,2,Recent Low-Engagement,Recent Low-Engagement
13815,22,4,4027.36,3,1006.84,False,4,Regular Buyers,Regular Buyers
13816,23,2,571.6700000000001,2,285.83500000000004,False,2,Recent Low-Engagement,Recent Low-Engagement
13817,29,2,382.98,2,191.49,False,3,,
13819,301,3,1140.35,2,380.1166666666666,False,0,Dormant Customers,Dormant Customers
13821,144,2,385.64,2,192.82,False,3,,
13822,5,2,632.0,2,316.0,False,2,Recent Low-Engagement,Recent Low-Engagement
13823,18,2,957.66,2,478.83,False,2,Recent Low-Engagement,Recent Low-Engagement
13824,32,5,1698.94,5,339.788,False,4,Regular Buyers,Regular Buyers
13826,176,1,189.5,1,189.5,False,0,Dormant Customers,Dormant Customers
13827,57,3,412.05,2,137.35,False,2,Recent Low-Engagement,Recent Low-Engagement
13828,22,1,209.49,1,209.49,False,3,,
13831,16,6,2202.99,5,367.16499999999996,False,4,Regular Buyers,Regular Buyers
13832,19,1,52.199999999999996,1,52.199999999999996,False,3,,
13833,159,1,384.8,1,384.8,False,0,Dormant Customers,Dormant Customers
13835,25,4,834.57,4,208.6425,False,2,Recent Low-Engagement,Recent Low-Engagement
13837,211,2,271.24,2,135.62,False,0,Dormant Customers,Dormant Customers
13838,5,4,691.73,3,172.9325,False,2,Recent Low-Engagement,Recent Low-Engagement
13841,252,1,85.0,1,85.0,False,0,Dormant Customers,Dormant Customers
13842,58,9,3385.62,9,376.18,False,4,Regular Buyers,Regular Buyers
13844,11,1,361.62,1,361.62,False,3,,
13845,64,1,312.98,1,312.98,False,3,,
13846,24,3,865.0600000000001,3,288.35333333333335,False,2,Recent Low-Engagement,Recent Low-Engagement
13848,92,3,1255.0,3,418.3333333333333,False,2,Recent Low-Engagement,Recent Low-Engagement
13849,51,2,1537.95,2,768.975,False,2,Recent Low-Engagement,Recent Low-Engagement
13850,129,1,1595.48,1,1595.48,False,2,Recent Low-Engagement,Recent Low-Engagement
13851,95,3,2651.46,3,883.82,False,2,Recent Low-Engagement,Recent Low-Engagement
13853,57,1,1090.14,1,1090.14,False,2,Recent Low-Engagement,Recent Low-Engagement
13854,8,25,8109.5199999999995,12,324.38079999999997,False,1,High-Value & Active,High-Value & Active
13856,168,3,388.5,2,129.5,False,2,Recent Low-Engagement,Recent Low-Engagement
13858,57,1,216.17,1,216.17,False,3,,
13859,326,1,201.16,1,201.16,False,0,Dormant Customers,Dormant Customers
13860,1,5,1245.9,4,249.18,False,4,Regular Buyers,Regular Buyers
13862,18,8,2209.36,8,276.17,False,4,Regular Buyers,Regular Buyers
13863,247,1,305.78,1,305.78,False,0,Dormant Customers,Dormant Customers
13865,58,4,501.56,4,125.39,False,2,Recent Low-Engagement,Recent Low-Engagement
13866,74,1,145.67000000000002,1,145.67000000000002,False,3,,
13867,31,3,1015.29,3,338.43,False,2,Recent Low-Engagement,Recent Low-Engagement
13868,7,2,3192.54,2,1596.27,False,2,Recent Low-Engagement,Recent Low-Engagement
13869,123,4,3104.95,4,776.2375,False,4,Regular Buyers,Regular Buyers
13870,2,8,2770.94,6,346.3675,False,4,Regular Buyers,Regular Buyers
13871,22,13,6403.25,10,492.5576923076923,False,1,High-Value & Active,High-Value & Active
13873,119,3,389.6,3,129.86666666666667,False,2,Recent Low-Engagement,Recent Low-Engagement
13874,358,1,540.45,1,540.45,False,0,Dormant Customers,Dormant Customers
13875,53,5,1786.79,5,357.358,False,4,Regular Buyers,Regular Buyers
13876,63,1,122.7,1,122.7,False,3,,
13877,86,1,117.24,1,117.24,False,3,,
13878,54,1,1281.53,1,1281.53,False,2,Recent Low-Engagement,Recent Low-Engagement
13880,21,13,3219.77,10,247.67461538461538,False,1,High-Value & Active,High-Value & Active
13881,3,20,17159.52,11,857.976,False,1,High-Value & Active,High-Value & Active
13882,2,5,1191.13,3,238.22600000000003,False,4,Regular Buyers,Regular Buyers
13883,10,5,2674.48,3,534.896,False,4,Regular Buyers,Regular Buyers
13884,7,5,787.6,3,157.52,False,4,Regular Buyers,Regular Buyers
13885,189,2,506.8,2,253.4,False,0,Dormant Customers,Dormant Customers
13886,71,1,243.56,1,243.56,False,3,,
13887,204,1,349.55,1,349.55,False,0,Dormant Customers,Dormant Customers
13888,119,2,605.63,2,302.815,False,2,Recent Low-Engagement,Recent Low-Engagement
13889,92,1,416.90000000000003,1,416.90000000000003,False,3,,
13890,1,10,1883.8100000000002,5,188.38100000000003,False,4,Regular Buyers,Regular Buyers
13892,26,4,632.97,3,158.2425,False,2,Recent Low-Engagement,Recent Low-Engagement
13893,297,1,821.1,1,821.1,False,0,Dormant Customers,Dormant Customers
13894,23,3,564.62,2,188.20666666666668,False,2,Recent Low-Engagement,Recent Low-Engagement
13895,28,4,2593.07,4,648.2675,False,4,Regular Buyers,Regular Buyers
13897,50,1,311.16,1,311.16,False,3,,
13898,325,1,155.93,1,155.93,False,0,Dormant Customers,Dormant Customers
13899,16,2,388.52,2,194.26,False,3,,
13900,183,3,740.95,3,246.98333333333335,False,2,Recent Low-Engagement,Recent Low-Engagement
13901,72,5,2867.2,5,573.4399999999999,False,4,Regular Buyers,Regular Buyers
13904,37,2,332.64,2,166.32,False,3,,
13908,79,4,2369.55,4,592.3875,False,4,Regular Buyers,Regular Buyers
13911,57,9,2580.91,6,286.7677777777778,False,4,Regular Buyers,Regular Buyers
13914,11,2,626.45,1,313.225,False,2,Recent Low-Engagement,Recent Low-Engagement
13917,49,2,272.04,2,136.02,False,3,,
13918,49,2,1212.8400000000001,2,606.4200000000001,False,2,Recent Low-Engagement,Recent Low-Engagement
13919,59,2,384.81,2,192.405,False,3,,
13922,351,1,172.25,1,172.25,False,0,Dormant Customers,Dormant Customers
13923,53,1,351.13,1,351.13,False,3,,
13924,1,6,1838.8500000000001,4,306.475,False,4,Regular Buyers,Regular Buyers
13925,92,4,678.25,3,169.5625,False,2,Recent Low-Engagement,Recent Low-Engagement
13926,23,1,223.85000000000002,1,223.85000000000002,False,3,,
13927,74,1,348.99,1,348.99,False,3,,
13928,10,4,464.57,3,116.1425,False,2,Recent Low-Engagement,Recent Low-Engagement
13929,169,2,842.65,2,421.325,False,2,Recent Low-Engagement,Recent Low-Engagement
13930,57,2,337.34,2,168.67,False,3,,
13931,95,2,1237.53,2,618.765,False,2,Recent Low-Engagement,Recent Low-Engagement
13932,294,1,307.4,1,307.4,False,0,Dormant Customers,Dormant Customers
13933,109,2,608.7900000000001,2,304.39500000000004,False,2,Recent Low-Engagement,Recent Low-Engagement
13934,263,1,922.1,1,922.1,False,0,Dormant Customers,Dormant Customers
13936,179,1,376.58,1,376.58,False,0,Dormant Customers,Dormant Customers
13937,169,1,158.85,1,158.85,False,0,Dormant Customers,Dormant Customers
13938,35,1,71.66,1,71.66,False,3,,
13939,23,3,568.55,3,189.51666666666665,False,2,Recent Low-Engagement,Recent Low-Engagement
13940,17,4,839.14,4,209.785,False,2,Recent Low-Engagement,Recent Low-Engagement
13941,21,5,5112.96,5,1022.592,False,4,Regular Buyers,Regular Buyers
13946,79,3,561.5699999999999,3,187.18999999999997,False,2,Recent Low-Engagement,Recent Low-Engagement
13947,65,1,90.6,1,90.6,False,3,,
13948,360,1,102.0,1,102.0,False,0,Dormant Customers,Dormant Customers
13949,2,6,2427.32,4,404.55333333333334,False,4,Regular Buyers,Regular Buyers
13950,11,4,745.06,3,186.265,False,2,Recent Low-Engagement,Recent Low-Engagement
13951,176,3,674.45,3,224.8166666666667,False,2,Recent Low-Engagement,Recent Low-Engagement
13952,217,2,3251.071,2,1625.5355,False,2,Recent Low-Engagement,Recent Low-Engagement
13953,7,7,3515.68,7,502.23999999999995,False,4,Regular Buyers,Regular Buyers
13954,1,2,439.92,2,219.96,False,2,Recent Low-Engagement,Recent Low-Engagement
13955,154,2,322.96,2,161.48,False,3,,
13956,5,5,1026.42,5,205.28400000000002,False,4,Regular Buyers,Regular Buyers
13959,79,3,598.2,3,199.4,False,2,Recent Low-Engagement,Recent Low-Engagement
13960,21,2,230.22,2,115.11,False,3,,
13962,21,2,169.55,2,84.775,False,3,,
13963,308,4,664.54,3,166.135,False,0,Dormant Customers,Dormant Customers
13967,145,1,80.7,1,80.7,False,3,,
13969,7,18,9053.94,11,502.99666666666667,False,1,High-Value & Active,High-Value & Active
13971,18,8,2758.26,7,344.7825,False,4,Regular Buyers,Regular Buyers
13972,70,2,190.25,2,95.125,False,3,,
13973,287,1,264.7,1,264.7,False,0,Dormant Customers,Dormant Customers
13974,49,1,413.59000000000003,1,413.59000000000003,False,3,,
13975,31,6,2526.28,5,421.0466666666667,False,4,Regular Buyers,Regular Buyers
13976,206,1,357.98,1,357.98,False,0,Dormant Customers,Dormant Customers
13978,14,2,196.79000000000002,2,98.39500000000001,False,3,,
13979,73,1,869.87,1,869.87,False,2,Recent Low-Engagement,Recent Low-Engagement
13980,60,1,200.14,1,200.14,False,3,,
13982,39,4,1871.81,4,467.9525,False,4,Regular Buyers,Regular Buyers
13983,29,12,2603.43,9,216.9525,False,4,Regular Buyers,Regular Buyers
13984,26,5,920.51,5,184.102,False,4,Regular Buyers,Regular Buyers
13985,4,15,7060.13,9,470.67533333333336,False,1,High-Value & Active,High-Value & Active
13986,17,1,320.46,1,320.46,False,3,,
13988,19,6,4147.96,6,691.3266666666667,False,4,Regular Buyers,Regular Buyers
13989,65,2,1266.08,2,633.04,False,2,Recent Low-Engagement,Recent Low-Engagement
13990,213,1,311.3,1,311.3,False,0,Dormant Customers,Dormant Customers
13991,12,6,855.97,4,142.66166666666666,False,4,Regular Buyers,Regular Buyers
13992,30,1,76.8,1,76.8,False,3,,
13993,42,9,3466.36,8,385.1511111111111,False,4,Regular Buyers,Regular Buyers
13994,3,6,2313.14,5,385.5233333333333,False,4,Regular Buyers,Regular Buyers
13995,15,5,1393.69,5,278.738,False,4,Regular Buyers,Regular Buyers
13999,10,12,3901.81,10,325.1508333333333,False,1,High-Value & Active,High-Value & Active
14000,211,1,635.66,1,635.66,False,0,Dormant Customers,Dormant Customers
14001,45,3,2043.0800000000002,3,681.0266666666668,False,2,Recent Low-Engagement,Recent Low-Engagement
14002,134,2,529.73,1,264.865,False,2,Recent Low-Engagement,Recent Low-Engagement
14004,43,7,4582.64,5,654.6628571428572,False,4,Regular Buyers,Regular Buyers
14005,9,5,2874.72,5,574.944,False,4,Regular Buyers,Regular Buyers
14006,115,3,962.19,3,320.73,False,2,Recent Low-Engagement,Recent Low-Engagement
14009,198,2,695.61,1,347.805,False,0,Dormant Customers,Dormant Customers
14012,277,1,328.8,1,328.8,False,0,Dormant Customers,Dormant Customers
14013,110,3,473.02,3,157.67333333333332,False,2,Recent Low-Engagement,Recent Low-Engagement
14014,77,1,505.18,1,505.18,False,3,,
14015,52,1,917.34,1,917.34,False,2,Recent Low-Engagement,Recent Low-Engagement
14016,161,4,4341.21,4,1085.3025,False,4,Regular Buyers,Regular Buyers
14019,46,3,1421.61,3,473.86999999999995,False,2,Recent Low-Engagement,Recent Low-Engagement
14020,16,2,642.8,2,321.4,False,2,Recent Low-Engagement,Recent Low-Engagement
14021,155,3,631.9,3,210.63333333333333,False,2,Recent Low-Engagement,Recent Low-Engagement
14022,225,1,440.0,1,440.0,False,0,Dormant Customers,Dormant Customers
14023,7,2,584.07,2,292.035,False,2,Recent Low-Engagement,Recent Low-Engagement
14024,121,2,327.7,1,163.85,False,3,,
14027,60,1,104.82,1,104.82,False,3,,
14029,63,2,467.66,2,233.83,False,2,Recent Low-Engagement,Recent Low-Engagement
14030,18,8,2360.09,6,295.01125,False,4,Regular Buyers,Regular Buyers
14031,7,19,17286.86,11,909.8347368421053,False,1,High-Value & Active,High-Value & Active
14032,2,11,2975.59,8,270.5081818181818,False,4,Regular Buyers,Regular Buyers
14034,22,3,651.8199999999999,2,217.2733333333333,False,2,Recent Low-Engagement,Recent Low-Engagement
14035,28,5,1428.02,5,285.604,False,4,Regular Buyers,Regular Buyers
14036,284,1,626.65,1,626.65,False,0,Dormant Customers,Dormant Customers
14037,176,2,147.20000000000002,2,73.60000000000001,False,0,Dormant Customers,Dormant Customers
14038,78,3,1560.38,3,520.1266666666667,False,2,Recent Low-Engagement,Recent Low-Engagement
14039,33,1,152.2,1,152.2,False,3,,
14040,40,12,3614.92,8,301.24333333333334,False,1,High-Value & Active,High-Value & Active
14041,266,1,141.41,1,141.41,False,0,Dormant Customers,Dormant Customers
14044,26,4,652.82,4,163.205,False,2,Recent Low-Engagement,Recent Low-Engagement
14045,109,4,1659.75,3,414.9375,False,2,Recent Low-Engagement,Recent Low-Engagement
14046,284,1,154.99,1,154.99,False,0,Dormant Customers,Dormant Customers
14047,8,5,1308.6100000000001,5,261.72200000000004,False,4,Regular Buyers,Regular Buyers
14048,305,1,409.93,1,409.93,False,0,Dormant Customers,Dormant Customers
14049,16,4,5681.72,4,1420.43,False,4,Regular Buyers,Regular Buyers
14050,31,2,746.36,2,373.18,False,2,Recent Low-Engagement,Recent Low-Engagement
14051,0,23,15610.390000000001,13,678.7126086956522,False,1,High-Value & Active,High-Value & Active
14052,19,1,225.36,1,225.36,False,3,,
14053,124,2,260.25,2,130.125,False,3,,
14054,65,1,92.46,1,92.46,False,3,,
14055,106,1,725.6400000000001,1,725.6400000000001,False,2,Recent Low-Engagement,Recent Low-Engagement
14056,1,23,8214.65,11,357.1586956521739,False,1,High-Value & Active,High-Value & Active
14057,23,17,6217.96,11,365.76235294117646,False,1,High-Value & Active,High-Value & Active
14059,266,1,183.6,1,183.6,False,0,Dormant Customers,Dormant Customers
14060,4,19,6140.42,13,323.18,False,1,High-Value & Active,High-Value & Active
14062,9,12,10464.85,8,872.0708333333333,False,1,High-Value & Active,High-Value & Active
14064,29,5,1353.74,4,270.748,False,4,Regular Buyers,Regular Buyers
14066,266,1,152.55,1,152.55,False,0,Dormant Customers,Dormant Customers
14067,63,2,374.7,2,187.35,False,3,,
14068,320,1,265.85,1,265.85,False,0,Dormant Customers,Dormant Customers
14071,3,8,1438.82,4,179.8525,False,4,Regular Buyers,Regular Buyers
14073,32,1,151.04,1,151.04,False,3,,
14075,4,3,942.26,3,314.08666666666664,False,2,Recent Low-Engagement,Recent Low-Engagement
14076,129,1,122.47,1,122.47,False,3,,
14077,40,5,499.41999999999996,5,99.88399999999999,False,2,Recent Low-Engagement,Recent Low-Engagement
14078,101,6,1049.37,6,174.89499999999998,False,4,Regular Buyers,Regular Buyers
14079,124,1,375.1,1,375.1,False,3,,
14080,32,1,45.599999999999994,1,45.599999999999994,False,3,,
14081,302,2,934.52,2,467.26,False,0,Dormant Customers,Dormant Customers
14082,364,1,182.25,1,182.25,False,0,Dormant Customers,Dormant Customers
14083,4,9,1018.43,6,113.15888888888888,False,4,Regular Buyers,Regular Buyers
14085,2,18,4448.54,10,247.14111111111112,False,1,High-Value & Active,High-Value & Active
14087,2,1,194.42,1,194.42,False,3,,
14088,10,13,50491.81,6,3883.9853846153846,False,1,High-Value & Active,High-Value & Active
14089,56,1,161.0,1,161.0,False,3,,
14090,324,1,76.32000000000001,1,76.32000000000001,False,0,Dormant Customers,Dormant Customers
14092,7,14,4076.91,11,291.2078571428571,False,1,High-Value & Active,High-Value & Active
14093,12,1,442.85,1,442.85,False,3,,
14096,4,17,65164.79,5,3833.2229411764706,False,1,High-Value & Active,High-Value & Active
14098,36,1,147.35,1,147.35,False,3,,
14099,16,11,3104.17,10,282.1972727272727,False,4,Regular Buyers,Regular Buyers
14100,137,1,194.9,1,194.9,False,3,,
14101,73,6,5976.79,6,996.1316666666667,False,4,Regular Buyers,Regular Buyers
14102,5,5,1360.28,3,272.056,False,4,Regular Buyers,Regular Buyers
14104,154,2,216.20999999999998,2,108.10499999999999,False,3,,
14105,239,1,1266.23,1,1266.23,False,0,Dormant Customers,Dormant Customers
14107,51,7,2703.23,7,386.17571428571426,False,4,Regular Buyers,Regular Buyers
14108,30,2,597.91,2,298.955,False,2,Recent Low-Engagement,Recent Low-Engagement
14109,72,1,144.2,1,144.2,False,3,,
14110,3,12,5683.15,9,473.5958333333333,False,1,High-Value & Active,High-Value & Active
14111,14,4,692.85,4,173.2125,False,2,Recent Low-Engagement,Recent Low-Engagement
14112,22,7,2915.15,5,416.45,False,4,Regular Buyers,Regular Buyers
14113,3,4,1840.42,4,460.105,False,4,Regular Buyers,Regular Buyers
14114,273,2,386.53,2,193.265,False,0,Dormant Customers,Dormant Customers
14116,19,5,1382.74,4,276.548,False,4,Regular Buyers,Regular Buyers
14117,143,1,90.0,1,90.0,False,3,,
14121,3,4,2780.15,3,695.0375,False,4,Regular Buyers,Regular Buyers
14124,84,1,419.58000000000004,1,419.58000000000004,False,3,,
14125,10,3,2740.43,2,913.4766666666666,False,4,Regular Buyers,Regular Buyers
14126,7,3,706.1300000000001,2,235.3766666666667,False,2,Recent Low-Engagement,Recent Low-Engagement
14127,122,3,709.71,3,236.57000000000002,False,2,Recent Low-Engagement,Recent Low-Engagement
14128,60,2,637.5,2,318.75,False,2,Recent Low-Engagement,Recent Low-Engagement
14129,1,5,1123.8600000000001,4,224.77200000000002,False,4,Regular Buyers,Regular Buyers
14130,319,1,483.86,1,483.86,False,0,Dormant Customers,Dormant Customers
14132,2,11,3586.0299999999997,7,326.00272727272727,False,1,High-Value & Active,High-Value & Active
14133,129,3,605.64,2,201.88,False,2,Recent Low-Engagement,Recent Low-Engagement
14135,1,15,4690.31,8,312.68733333333336,False,1,High-Value & Active,High-Value & Active
14138,1,2,982.3800000000001,2,491.19000000000005,False,2,Recent Low-Engagement,Recent Low-Engagement
14139,46,1,415.82,1,415.82,False,3,,
14140,3,2,935.05,2,467.525,False,2,Recent Low-Engagement,Recent Low-Engagement
14141,2,4,915.13,4,228.7825,False,2,Recent Low-Engagement,Recent Low-Engagement
14142,373,1,311.81,1,311.81,False,0,Dormant Customers,Dormant Customers
14143,133,1,115.8,1,115.8,False,3,,
14145,46,4,3742.2,3,935.55,False,4,Regular Buyers,Regular Buyers
14146,8,5,4191.0,4,838.2,False,4,Regular Buyers,Regular Buyers
14147,78,2,483.4,2,241.7,False,2,Recent Low-Engagement,Recent Low-Engagement
14148,233,1,157.2,1,157.2,False,0,Dormant Customers,Dormant Customers
14149,220,1,446.62,1,446.62,False,0,Dormant Customers,Dormant Customers
14150,35,2,658.64,2,329.32,False,2,Recent Low-Engagement,Recent Low-Engagement
14152,75,2,621.29,2,310.645,False,2,Recent Low-Engagement,Recent Low-Engagement
14154,239,2,1345.62,1,672.81,False,0,Dormant Customers,Dormant Customers
14155,266,1,118.75,1,118.75,False,0,Dormant Customers,Dormant Customers
14156,9,55,117379.63,12,2134.175090909091,False,1,High-Value & Active,High-Value & Active
14157,19,2,432.88,2,216.44,False,2,Recent Low-Engagement,Recent Low-Engagement
14158,40,1,507.66,1,507.66,False,3,,
14159,19,11,4693.01,7,426.6372727272728,False,1,High-Value & Active,High-Value & Active
14161,215,3,1110.52,3,370.17333333333335,False,0,Dormant Customers,Dormant Customers
14162,173,2,289.36,2,144.68,False,0,Dormant Customers,Dormant Customers
14163,87,4,2445.91,4,611.4775,False,4,Regular Buyers,Regular Buyers
14164,70,2,1631.77,1,815.885,False,2,Recent Low-Engagement,Recent Low-Engagement
14165,275,1,122.53999999999999,1,122.53999999999999,False,0,Dormant Customers,Dormant Customers
14167,39,4,574.84,4,143.71,False,2,Recent Low-Engagement,Recent Low-Engagement
14171,98,1,363.79,1,363.79,False,3,,
14173,10,4,450.84,3,112.71,False,2,Recent Low-Engagement,Recent Low-Engagement
14174,33,1,134.46,1,134.46,False,3,,
14175,59,3,3222.3,3,1074.1000000000001,False,4,Regular Buyers,Regular Buyers
14176,297,4,576.9000000000001,3,144.22500000000002,False,0,Dormant Customers,Dormant Customers
14177,86,4,559.41,2,139.8525,False,2,Recent Low-Engagement,Recent Low-Engagement
14178,8,7,1620.93,6,231.5614285714286,False,4,Regular Buyers,Regular Buyers
14179,40,2,719.78,1,359.89,False,2,Recent Low-Engagement,Recent Low-Engagement
14180,10,25,4748.52,12,189.94080000000002,False,1,High-Value & Active,High-Value & Active
14184,66,1,452.89,1,452.89,False,3,,
14185,331,1,197.65,1,197.65,False,0,Dormant Customers,Dormant Customers
14188,30,6,2054.36,6,342.3933333333334,False,4,Regular Buyers,Regular Buyers
14189,2,15,4654.08,12,310.272,False,1,High-Value & Active,High-Value & Active
14191,1,13,4684.76,8,360.36615384615385,False,1,High-Value & Active,High-Value & Active
14193,67,2,853.39,2,426.695,False,2,Recent Low-Engagement,Recent Low-Engagement
14194,4,21,11349.52,10,540.4533333333334,False,1,High-Value & Active,High-Value & Active
14195,201,2,1012.0,2,506.0,False,0,Dormant Customers,Dormant Customers
14196,106,1,335.52,1,335.52,False,3,,
14198,18,4,701.4,4,175.35,False,2,Recent Low-Engagement,Recent Low-Engagement
14199,218,1,185.39999999999998,1,185.39999999999998,False,0,Dormant Customers,Dormant Customers
14201,60,7,747.44,7,106.77714285714286,False,4,Regular Buyers,Regular Buyers
14204,2,1,161.03,1,161.03,False,3,,
14205,16,2,466.7,2,233.35,False,2,Recent Low-Engagement,Recent Low-Engagement
14206,239,1,328.15999999999997,1,328.15999999999997,False,0,Dormant Customers,Dormant Customers
14208,94,1,151.74,1,151.74,False,3,,
14209,10,6,2073.43,6,345.57166666666666,False,4,Regular Buyers,Regular Buyers
14210,105,6,1905.8400000000001,6,317.64000000000004,False,4,Regular Buyers,Regular Buyers
14211,53,9,2241.1,5,249.0111111111111,False,4,Regular Buyers,Regular Buyers
14212,89,1,1070.48,1,1070.48,False,2,Recent Low-Engagement,Recent Low-Engagement
14214,30,5,1004.38,5,200.876,False,4,Regular Buyers,Regular Buyers
14215,11,6,1789.72,5,298.2866666666667,False,4,Regular Buyers,Regular Buyers
14216,3,4,1839.3,2,459.825,False,4,Regular Buyers,Regular Buyers
14217,1,17,2004.98,12,117.94,False,1,High-Value & Active,High-Value & Active
14218,42,1,169.48000000000002,1,169.48000000000002,False,3,,
14219,4,1,89.94,1,89.94,False,3,,
14220,247,2,632.4,2,316.2,False,0,Dormant Customers,Dormant Customers
14221,42,9,3432.8,7,381.4222222222222,False,4,Regular Buyers,Regular Buyers
14222,177,1,683.17,1,683.17,False,0,Dormant Customers,Dormant Customers
14223,92,3,991.13,3,330.37666666666667,False,2,Recent Low-Engagement,Recent Low-Engagement
14224,110,4,1050.12,4,262.53,False,2,Recent Low-Engagement,Recent Low-Engagement
14226,28,5,2232.19,4,446.438,False,4,Regular Buyers,Regular Buyers
14227,26,10,3350.96,5,335.096,False,4,Regular Buyers,Regular Buyers
14229,51,3,1547.2,3,515.7333333333333,False,2,Recent Low-Engagement,Recent Low-Engagement
14231,183,3,925.71,3,308.57,False,2,Recent Low-Engagement,Recent Low-Engagement
14232,42,5,2048.07,5,409.61400000000003,False,4,Regular Buyers,Regular Buyers
14233,49,4,1462.72,4,365.68,False,4,Regular Buyers,Regular Buyers
14234,22,4,775.46,2,193.865,False,2,Recent Low-Engagement,Recent Low-Engagement
14235,75,5,3144.86,4,628.972,False,4,Regular Buyers,Regular Buyers
14236,80,2,490.86,2,245.43,False,2,Recent Low-Engagement,Recent Low-Engagement
14237,373,1,161.0,1,161.0,False,0,Dormant Customers,Dormant Customers
14238,326,1,146.85,1,146.85,False,0,Dormant Customers,Dormant Customers
14239,43,11,2380.85,8,216.4409090909091,False,4,Regular Buyers,Regular Buyers
14240,30,2,890.34,2,445.17,False,2,Recent Low-Engagement,Recent Low-Engagement
14241,183,1,213.70000000000002,1,213.70000000000002,False,0,Dormant Customers,Dormant Customers
14242,234,2,280.55,2,140.275,False,0,Dormant Customers,Dormant Customers
14243,8,10,2588.77,9,258.877,False,4,Regular Buyers,Regular Buyers
14245,219,2,1693.45,2,846.725,False,0,Dormant Customers,Dormant Customers
14246,110,3,1474.06,3,491.3533333333333,False,2,Recent Low-Engagement,Recent Low-Engagement
14247,278,1,136.76999999999998,1,136.76999999999998,False,0,Dormant Customers,Dormant Customers
14248,318,1,302.58,1,302.58,False,0,Dormant Customers,Dormant Customers
14250,7,3,1904.05,2,634.6833333333333,False,4,Regular Buyers,Regular Buyers
14251,1,5,2879.7000000000003,3,575.94,False,4,Regular Buyers,Regular Buyers
14256,260,2,969.0600000000001,2,484.53000000000003,False,0,Dormant Customers,Dormant Customers
14257,64,5,3099.7200000000003,5,619.9440000000001,False,4,Regular Buyers,Regular Buyers
14258,9,9,12669.98,8,1407.7755555555555,False,1,High-Value & Active,High-Value & Active
14259,141,1,120.0,1,120.0,False,3,,
14261,50,2,1163.45,2,581.725,False,2,Recent Low-Engagement,Recent Low-Engagement
14262,8,8,2618.23,7,327.27875,False,4,Regular Buyers,Regular Buyers
14264,154,2,333.97,2,166.985,False,3,,
14265,109,2,530.18,2,265.09,False,2,Recent Low-Engagement,Recent Low-Engagement
14267,162,3,1516.24,2,505.41333333333336,False,2,Recent Low-Engagement,Recent Low-Engagement
14270,331,1,492.65000000000003,1,492.65000000000003,False,0,Dormant Customers,Dormant Customers
14271,225,1,112.32,1,112.32,False,0,Dormant Customers,Dormant Customers
14272,73,2,437.96,2,218.98,False,2,Recent Low-Engagement,Recent Low-Engagement
14273,51,4,559.97,4,139.9925,False,2,Recent Low-Engagement,Recent Low-Engagement
14276,98,3,1119.74,3,373.24666666666667,False,2,Recent Low-Engagement,Recent Low-Engagement
14277,15,3,4216.2,2,1405.3999999999999,False,4,Regular Buyers,Regular Buyers
14280,196,1,134.04,1,134.04,False,0,Dormant Customers,Dormant Customers
14282,3,15,3729.34,9,248.62266666666667,False,1,High-Value & Active,High-Value & Active
14284,30,2,595.25,2,297.625,False,2,Recent Low-Engagement,Recent Low-Engagement
14285,21,4,1910.01,3,477.5025,False,4,Regular Buyers,Regular Buyers
14286,23,3,4628.75,3,1542.9166666666667,False,4,Regular Buyers,Regular Buyers
14287,8,3,176.63,2,58.876666666666665,False,3,,
14288,213,1,426.6,1,426.6,False,0,Dormant Customers,Dormant Customers
14289,8,6,911.26,6,151.87666666666667,False,4,Regular Buyers,Regular Buyers
14290,11,5,2314.65,4,462.93,False,4,Regular Buyers,Regular Buyers
14291,1,11,3883.25,6,353.02272727272725,False,1,High-Value & Active,High-Value & Active
14292,7,9,4871.93,6,541.3255555555556,False,4,Regular Buyers,Regular Buyers
14293,3,4,1046.56,4,261.64,False,2,Recent Low-Engagement,Recent Low-Engagement
14295,40,1,166.20000000000002,1,166.20000000000002,False,3,,
14297,17,4,1305.33,3,326.3325,False,4,Regular Buyers,Regular Buyers
14298,8,44,51527.3,13,1171.075,False,1,High-Value & Active,High-Value & Active
14299,8,9,3965.62,7,440.6244444444444,False,4,Regular Buyers,Regular Buyers
14300,18,1,43.2,1,43.2,False,3,,
14301,117,1,640.14,1,640.14,False,3,,
14304,222,1,383.45,1,383.45,False,0,Dormant Customers,Dormant Customers
14305,71,3,1858.96,3,619.6533333333333,False,2,Recent Low-Engagement,Recent Low-Engagement
14306,51,2,2093.32,2,1046.66,False,2,Recent Low-Engagement,Recent Low-Engagement
14307,88,6,2995.72,5,499.28666666666663,False,4,Regular Buyers,Regular Buyers
14309,8,9,2352.53,7,261.39222222222224,False,4,Regular Buyers,Regular Buyers
14311,242,1,310.26,1,310.26,False,0,Dormant Customers,Dormant Customers
14312,46,6,1611.59,6,268.5983333333333,False,4,Regular Buyers,Regular Buyers
14314,106,1,120.0,1,120.0,False,3,,
14315,44,6,2481.13,5,413.5216666666667,False,4,Regular Buyers,Regular Buyers
14317,64,1,508.58000000000004,1,508.58000000000004,False,3,,
14320,206,2,477.79,2,238.895,False,0,Dormant Customers,Dormant Customers
14321,10,5,1530.75,5,306.15,False,4,Regular Buyers,Regular Buyers
14323,114,2,605.0600000000001,2,302.53000000000003,False,2,Recent Low-Engagement,Recent Low-Engagement
14326,242,1,183.85,1,183.85,False,0,Dormant Customers,Dormant Customers
14327,163,1,311.65,1,311.65,False,0,Dormant Customers,Dormant Customers
14329,17,7,5014.84,6,716.4057142857143,False,4,Regular Buyers,Regular Buyers
14331,124,2,462.65999999999997,2,231.32999999999998,False,2,Recent Low-Engagement,Recent Low-Engagement
14332,22,3,866.31,3,288.77,False,2,Recent Low-Engagement,Recent Low-Engagement
14333,67,1,415.2,1,415.2,False,3,,
14334,16,8,2552.21,8,319.02625,False,4,Regular Buyers,Regular Buyers
14335,16,2,468.26,2,234.13,False,2,Recent Low-Engagement,Recent Low-Engagement
14336,16,4,1614.91,3,403.7275,False,4,Regular Buyers,Regular Buyers
14338,161,2,588.22,2,294.11,False,2,Recent Low-Engagement,Recent Low-Engagement
14339,242,1,309.52,1,309.52,False,0,Dormant Customers,Dormant Customers
14340,218,1,134.7,1,134.7,False,0,Dormant Customers,Dormant Customers
14341,45,8,2182.28,5,272.785,False,4,Regular Buyers,Regular Buyers
14342,21,4,668.5600000000001,3,167.14000000000001,False,2,Recent Low-Engagement,Recent Low-Engagement
14344,127,8,889.9300000000001,5,111.24125000000001,False,4,Regular Buyers,Regular Buyers
14345,38,1,108.97999999999999,1,108.97999999999999,False,3,,
14346,120,2,1021.58,2,510.79,False,2,Recent Low-Engagement,Recent Low-Engagement
14348,260,1,409.57,1,409.57,False,0,Dormant Customers,Dormant Customers
14349,10,1,133.5,1,133.5,False,3,,
14350,274,1,282.93,1,282.93,False,0,Dormant Customers,Dormant Customers
14351,164,1,51.0,1,51.0,False,3,,
14352,157,4,1078.96,3,269.74,False,2,Recent Low-Engagement,Recent Low-Engagement
14353,215,1,90.6,1,90.6,False,0,Dormant Customers,Dormant Customers
14354,5,2,163.62,2,81.81,False,3,,
14355,365,1,174.4,1,174.4,False,0,Dormant Customers,Dormant Customers
14356,79,2,701.23,1,350.615,False,2,Recent Low-Engagement,Recent Low-Engagement
14357,43,1,225.77,1,225.77,False,3,,
14359,19,3,912.18,3,304.06,False,2,Recent Low-Engagement,Recent Low-Engagement
14360,31,4,2128.23,3,532.0575,False,4,Regular Buyers,Regular Buyers
14362,22,1,161.2,1,161.2,False,3,,
14364,108,8,3717.35,4,464.66875,False,4,Regular Buyers,Regular Buyers
14367,8,16,9261.52,9,578.845,False,1,High-Value & Active,High-Value & Active
14368,319,1,155.0,1,155.0,False,0,Dormant Customers,Dormant Customers
14371,295,1,100.5,1,100.5,False,0,Dormant Customers,Dormant Customers
14373,358,1,76.55,1,76.55,False,0,Dormant Customers,Dormant Customers
14375,185,1,257.68,1,257.68,False,0,Dormant Customers,Dormant Customers
14377,191,2,617.05,2,308.525,False,0,Dormant Customers,Dormant Customers
14379,44,2,348.1,2,174.05,False,3,,
14381,52,1,202.68,1,202.68,False,3,,
14382,26,1,626.0699999999999,1,626.0699999999999,False,3,,
14383,38,3,1247.69,3,415.8966666666667,False,2,Recent Low-Engagement,Recent Low-Engagement
14385,9,3,202.11,1,67.37,False,3,,
14386,296,1,142.4,1,142.4,False,0,Dormant Customers,Dormant Customers
14387,32,3,1770.56,3,590.1866666666666,False,2,Recent Low-Engagement,Recent Low-Engagement
14388,10,8,3212.84,7,401.605,False,4,Regular Buyers,Regular Buyers
14389,65,2,1043.46,2,521.73,False,2,Recent Low-Engagement,Recent Low-Engagement
14390,10,9,4652.82,6,516.98,False,4,Regular Buyers,Regular Buyers
14393,218,1,67.95,1,67.95,False,0,Dormant Customers,Dormant Customers
14395,2,9,3507.71,9,389.74555555555554,False,4,Regular Buyers,Regular Buyers
14396,65,2,487.99,2,243.995,False,2,Recent Low-Engagement,Recent Low-Engagement
14397,2,19,2612.96,8,137.52421052631578,False,1,High-Value & Active,High-Value & Active
14400,149,1,574.7,1,574.7,False,3,,
14401,4,13,4051.48,8,311.6523076923077,False,1,High-Value & Active,High-Value & Active
14403,130,4,1475.81,4,368.9525,False,2,Recent Low-Engagement,Recent Low-Engagement
14404,33,6,1474.32,6,245.72,False,4,Regular Buyers,Regular Buyers
14406,119,1,156.75,1,156.75,False,3,,
14407,107,6,2157.73,4,359.62166666666667,False,4,Regular Buyers,Regular Buyers
14408,10,7,2606.53,6,372.3614285714286,False,4,Regular Buyers,Regular Buyers
14409,71,6,2059.4500000000003,5,343.24166666666673,False,4,Regular Buyers,Regular Buyers
14410,92,9,1105.07,6,122.78555555555555,False,4,Regular Buyers,Regular Buyers
14411,310,1,1063.0,1,1063.0,False,0,Dormant Customers,Dormant Customers
14412,42,2,770.03,2,385.015,False,2,Recent Low-Engagement,Recent Low-Engagement
14413,362,1,122.7,1,122.7,False,0,Dormant Customers,Dormant Customers
14414,91,7,1496.98,4,213.8542857142857,False,4,Regular Buyers,Regular Buyers
14415,1,13,5900.28,12,453.86769230769227,False,1,High-Value & Active,High-Value & Active
14416,22,2,490.22,2,245.11,False,2,Recent Low-Engagement,Recent Low-Engagement
14418,3,3,1937.25,3,645.75,False,4,Regular Buyers,Regular Buyers
14419,10,6,1058.06,5,176.34333333333333,False,4,Regular Buyers,Regular Buyers
14420,99,1,387.52,1,387.52,False,3,,
14421,57,2,813.11,2,406.555,False,2,Recent Low-Engagement,Recent Low-Engagement
14422,0,6,4263.64,6,710.6066666666667,False,4,Regular Buyers,Regular Buyers
14423,218,1,265.2,1,265.2,False,0,Dormant Customers,Dormant Customers
14424,17,1,322.08,1,322.08,False,3,,
14426,23,10,4481.67,5,448.16700000000003,False,4,Regular Buyers,Regular Buyers
14427,50,2,363.34000000000003,1,181.67000000000002,False,3,,
14428,7,5,1244.83,5,248.96599999999998,False,4,Regular Buyers,Regular Buyers
14431,302,1,470.36,1,470.36,False,0,Dormant Customers,Dormant Customers
14432,9,6,2255.51,3,375.91833333333335,False,4,Regular Buyers,Regular Buyers
14434,21,6,1372.8,3,228.79999999999998,False,4,Regular Buyers,Regular Buyers
14436,98,1,89.06,1,89.06,False,3,,
14437,365,1,63.0,1,63.0,False,0,Dormant Customers,Dormant Customers
14438,306,1,131.9,1,131.9,False,0,Dormant Customers,Dormant Customers
14439,319,1,2661.24,1,2661.24,False,0,Dormant Customers,Dormant Customers
14440,8,5,2357.6800000000003,5,471.53600000000006,False,4,Regular Buyers,Regular Buyers
14441,0,4,1712.89,4,428.2225,False,4,Regular Buyers,Regular Buyers
14442,204,2,1589.82,2,794.91,False,2,Recent Low-Engagement,Recent Low-Engagement
14443,53,4,1420.2,4,355.05,False,4,Regular Buyers,Regular Buyers
14446,0,4,1039.58,4,259.895,False,2,Recent Low-Engagement,Recent Low-Engagement
14447,18,5,1163.23,4,232.64600000000002,False,4,Regular Buyers,Regular Buyers
14448,9,2,375.35,2,187.675,False,3,,
14449,18,4,907.1,4,226.775,False,2,Recent Low-Engagement,Recent Low-Engagement
14450,180,3,483.25,3,161.08333333333334,False,0,Dormant Customers,Dormant Customers
14451,60,2,662.59,2,331.295,False,2,Recent Low-Engagement,Recent Low-Engagement
14452,10,2,264.44,2,132.22,False,3,,
14453,190,1,119.93,1,119.93,False,0,Dormant Customers,Dormant Customers
14456,5,9,3062.4,5,340.26666666666665,False,4,Regular Buyers,Regular Buyers
14457,310,1,113.64,1,113.64,False,0,Dormant Customers,Dormant Customers
14459,155,1,1837.92,1,1837.92,False,2,Recent Low-Engagement,Recent Low-Engagement
14460,110,3,434.34,3,144.78,False,2,Recent Low-Engagement,Recent Low-Engagement
14461,148,3,2103.06,3,701.02,False,2,Recent Low-Engagement,Recent Low-Engagement
14462,66,11,2004.02,9,182.18363636363637,False,4,Regular Buyers,Regular Buyers
14463,98,3,529.62,3,176.54,False,2,Recent Low-Engagement,Recent Low-Engagement
14465,246,3,1058.6200000000001,2,352.8733333333334,False,0,Dormant Customers,Dormant Customers
14466,29,7,2272.4,7,324.62857142857143,False,4,Regular Buyers,Regular Buyers
14467,17,4,598.76,3,149.69,False,2,Recent Low-Engagement,Recent Low-Engagement
14470,11,2,461.19,2,230.595,False,2,Recent Low-Engagement,Recent Low-Engagement
14472,103,8,1936.84,7,242.105,False,4,Regular Buyers,Regular Buyers
14473,74,2,234.34000000000003,2,117.17000000000002,False,3,,
14474,46,1,547.66,1,547.66,False,3,,
14475,71,3,925.85,3,308.6166666666667,False,2,Recent Low-Engagement,Recent Low-Engagement
14476,257,1,215.7,1,215.7,False,0,Dormant Customers,Dormant Customers
14477,19,4,1309.6,4,327.4,False,4,Regular Buyers,Regular Buyers
14479,253,2,316.25,2,158.125,False,0,Dormant Customers,Dormant Customers
14480,11,1,279.05,1,279.05,False,3,,
14481,164,2,636.51,2,318.255,False,2,Recent Low-Engagement,Recent Low-Engagement
14482,18,6,2068.15,4,344.69166666666666,False,4,Regular Buyers,Regular Buyers
14483,281,1,137.1,1,137.1,False,0,Dormant Customers,Dormant Customers
14484,50,1,321.92,1,321.92,False,3,,
14485,38,1,165.75,1,165.75,False,3,,
14487,26,6,1196.33,4,199.38833333333332,False,4,Regular Buyers,Regular Buyers
14488,67,1,1064.28,1,1064.28,False,2,Recent Low-Engagement,Recent Low-Engagement
14489,207,1,463.38,1,463.38,False,0,Dormant Customers,Dormant Customers
14491,175,2,340.93,2,170.465,False,0,Dormant Customers,Dormant Customers
14493,7,5,2383.2400000000002,4,476.648,False,4,Regular Buyers,Regular Buyers
14494,25,1,139.56,1,139.56,False,3,,
14495,50,2,123.8,2,61.9,False,3,,
14496,311,2,538.8100000000001,2,269.40500000000003,False,0,Dormant Customers,Dormant Customers
14497,309,1,475.37,1,475.37,False,0,Dormant Customers,Dormant Customers
14498,42,5,1957.32,5,391.464,False,4,Regular Buyers,Regular Buyers
14499,26,3,815.32,3,271.77333333333337,False,2,Recent Low-Engagement,Recent Low-Engagement
14500,88,3,356.85,3,118.95,False,2,Recent Low-Engagement,Recent Low-Engagement
14501,183,2,251.21,2,125.605,False,0,Dormant Customers,Dormant Customers
14502,19,11,2470.67,7,224.60636363636365,False,4,Regular Buyers,Regular Buyers
14503,3,6,3543.26,4,590.5433333333334,False,4,Regular Buyers,Regular Buyers
14504,47,4,673.26,3,168.315,False,2,Recent Low-Engagement,Recent Low-Engagement
14505,17,8,5905.64,6,738.205,False,4,Regular Buyers,Regular Buyers
14506,17,5,2012.17,5,402.434,False,4,Regular Buyers,Regular Buyers
14507,23,6,1383.18,5,230.53,False,4,Regular Buyers,Regular Buyers
14508,22,2,276.42,2,138.21,False,3,,
14511,11,5,1314.81,4,262.962,False,4,Regular Buyers,Regular Buyers
14512,187,2,275.28,2,137.64,False,0,Dormant Customers,Dormant Customers
14513,100,3,455.59000000000003,3,151.86333333333334,False,2,Recent Low-Engagement,Recent Low-Engagement
14514,61,3,1055.35,3,351.7833333333333,False,2,Recent Low-Engagement,Recent Low-Engagement
14515,17,6,2102.09,4,350.34833333333336,False,4,Regular Buyers,Regular Buyers
14517,33,2,330.45,2,165.225,False,3,,
14518,64,1,174.37,1,174.37,False,3,,
14520,1,2,270.6,2,135.3,False,3,,
14522,24,4,974.54,3,243.635,False,2,Recent Low-Engagement,Recent Low-Engagement
14523,108,1,241.09,1,241.09,False,3,,
14524,31,9,1867.68,6,207.52,False,4,Regular Buyers,Regular Buyers
14525,19,9,4332.2,8,481.35555555555555,False,4,Regular Buyers,Regular Buyers
14527,2,55,8508.82,13,154.7058181818182,False,1,High-Value & Active,High-Value & Active
14528,37,1,364.21999999999997,1,364.21999999999997,False,3,,
14529,60,3,620.04,3,206.67999999999998,False,2,Recent Low-Engagement,Recent Low-Engagement
14530,25,6,2925.91,6,487.65166666666664,False,4,Regular Buyers,Regular Buyers
14532,236,4,932.85,4,233.2125,False,0,Dormant Customers,Dormant Customers
14533,24,7,1949.72,5,278.5314285714286,False,4,Regular Buyers,Regular Buyers
14534,2,18,4447.05,12,247.05833333333334,False,1,High-Value & Active,High-Value & Active
14535,60,3,2864.19,3,954.73,False,4,Regular Buyers,Regular Buyers
14536,259,1,171.8,1,171.8,False,0,Dormant Customers,Dormant Customers
14537,57,1,355.56,1,355.56,False,3,,
14538,64,2,388.25,2,194.125,False,3,,
14539,15,2,537.48,2,268.74,False,2,Recent Low-Engagement,Recent Low-Engagement
14540,9,3,996.26,3,332.08666666666664,False,2,Recent Low-Engagement,Recent Low-Engagement
14541,58,8,1461.65,6,182.70625,False,4,Regular Buyers,Regular Buyers
14542,185,1,103.25,1,103.25,False,0,Dormant Customers,Dormant Customers
14543,28,16,3630.33,10,226.895625,False,1,High-Value & Active,High-Value & Active
14544,24,2,2024.45,2,1012.225,False,2,Recent Low-Engagement,Recent Low-Engagement
14546,5,5,2578.09,5,515.618,False,4,Regular Buyers,Regular Buyers
14547,3,8,4007.54,3,500.9425,False,4,Regular Buyers,Regular Buyers
14548,150,2,652.8,2,326.4,False,2,Recent Low-Engagement,Recent Low-Engagement
14549,311,1,289.24,1,289.24,False,0,Dormant Customers,Dormant Customers
14550,10,2,765.62,2,382.81,False,2,Recent Low-Engagement,Recent Low-Engagement
14551,18,2,186.23,2,93.115,False,3,,
14552,151,1,165.07,1,165.07,False,3,,
14553,19,5,859.27,3,171.85399999999998,False,4,Regular Buyers,Regular Buyers
14554,10,4,2381.04,2,595.26,False,4,Regular Buyers,Regular Buyers
14555,57,2,324.14,2,162.07,False,3,,
14557,85,1,788.38,1,788.38,False,2,Recent Low-Engagement,Recent Low-Engagement
14560,7,22,2237.77,12,101.71681818181818,False,1,High-Value & Active,High-Value & Active
14561,75,3,1080.76,2,360.25333333333333,False,2,Recent Low-Engagement,Recent Low-Engagement
14562,3,18,5074.77,9,281.9316666666667,False,1,High-Value & Active,High-Value & Active
14565,95,4,3099.12,4,774.78,False,4,Regular Buyers,Regular Buyers
14566,110,1,1432.0,1,1432.0,False,2,Recent Low-Engagement,Recent Low-Engagement
14567,56,2,1530.3600000000001,2,765.1800000000001,False,2,Recent Low-Engagement,Recent Low-Engagement
14569,1,1,227.39,1,227.39,False,3,,
14570,280,2,218.06,1,109.03,False,0,Dormant Customers,Dormant Customers
14572,3,7,2832.84,6,404.6914285714286,False,4,Regular Buyers,Regular Buyers
14573,179,9,1653.42,5,183.71333333333334,False,4,Regular Buyers,Regular Buyers
14576,372,1,35.400000000000006,1,35.400000000000006,False,0,Dormant Customers,Dormant Customers
14577,12,4,859.71,4,214.9275,False,2,Recent Low-Engagement,Recent Low-Engagement
14578,3,1,168.63,1,168.63,False,3,,
14581,16,1,138.6,1,138.6,False,3,,
14582,40,1,114.11,1,114.11,False,3,,
14583,5,5,1052.55,4,210.51,False,4,Regular Buyers,Regular Buyers
14584,169,4,1042.26,2,260.565,False,2,Recent Low-Engagement,Recent Low-Engagement
14585,50,1,157.05,1,157.05,False,3,,
14586,276,1,237.36,1,237.36,False,0,Dormant Customers,Dormant Customers
14587,18,9,1601.14,7,177.90444444444447,False,4,Regular Buyers,Regular Buyers
14589,371,1,39.75,1,39.75,False,0,Dormant Customers,Dormant Customers
14591,15,4,1447.14,2,361.785,False,4,Regular Buyers,Regular Buyers
14592,35,3,570.46,2,190.15333333333334,False,2,Recent Low-Engagement,Recent Low-Engagement
14593,21,3,617.99,2,205.99666666666667,False,2,Recent Low-Engagement,Recent Low-Engagement
14594,7,2,379.83,2,189.915,False,3,,
14595,19,6,1740.6,4,290.09999999999997,False,4,Regular Buyers,Regular Buyers
14597,11,2,883.15,2,441.575,False,2,Recent Low-Engagement,Recent Low-Engagement
14598,44,1,221.97,1,221.97,False,3,,
14600,305,1,393.33000000000004,1,393.33000000000004,False,0,Dormant Customers,Dormant Customers
14601,10,1,213.96,1,213.96,False,3,,
14603,274,1,660.0,1,660.0,False,0,Dormant Customers,Dormant Customers
14606,1,93,12156.65,13,130.71666666666667,False,1,High-Value & Active,High-Value & Active
14607,15,14,16569.5,3,1183.5357142857142,False,1,High-Value & Active,High-Value & Active
14608,4,4,1785.15,4,446.2875,False,4,Regular Buyers,Regular Buyers
14609,72,4,601.56,4,150.39,False,2,Recent Low-Engagement,Recent Low-Engagement
14616,242,3,406.08000000000004,3,135.36,False,0,Dormant Customers,Dormant Customers
14618,9,3,553.44,2,184.48000000000002,False,2,Recent Low-Engagement,Recent Low-Engagement
14619,245,1,394.44,1,394.44,False,0,Dormant Customers,Dormant Customers
14620,205,2,412.78000000000003,2,206.39000000000001,False,0,Dormant Customers,Dormant Customers
14621,1,5,1788.3600000000001,5,357.672,False,4,Regular Buyers,Regular Buyers
14622,184,1,320.58000000000004,1,320.58000000000004,False,0,Dormant Customers,Dormant Customers
14623,32,5,889.25,5,177.85,False,4,Regular Buyers,Regular Buyers
14624,57,2,225.85,1,112.925,False,3,,
14625,196,2,899.63,2,449.815,False,0,Dormant Customers,Dormant Customers
14626,23,4,2791.27,4,697.8175,False,4,Regular Buyers,Regular Buyers
14628,91,2,671.96,2,335.98,False,2,Recent Low-Engagement,Recent Low-Engagement
14629,4,2,959.01,2,479.505,False,2,Recent Low-Engagement,Recent Low-Engagement
14631,50,3,1006.98,3,335.66,False,2,Recent Low-Engagement,Recent Low-Engagement
14632,262,1,114.56,1,114.56,False,0,Dormant Customers,Dormant Customers
14633,266,1,344.90000000000003,1,344.90000000000003,False,0,Dormant Customers,Dormant Customers
14636,36,2,609.85,2,304.925,False,2,Recent Low-Engagement,Recent Low-Engagement
14638,50,1,443.6,1,443.6,False,3,,
14639,52,6,2984.49,4,497.41499999999996,False,4,Regular Buyers,Regular Buyers
14640,24,6,2125.08,6,354.18,False,4,Regular Buyers,Regular Buyers
14641,21,1,110.46,1,110.46,False,3,,
14642,58,1,96.12,1,96.12,False,3,,
14643,170,2,693.8100000000001,2,346.90500000000003,False,2,Recent Low-Engagement,Recent Low-Engagement
14644,67,2,830.76,2,415.38,False,2,Recent Low-Engagement,Recent Low-Engagement
14645,156,2,597.09,2,298.545,False,2,Recent Low-Engagement,Recent Low-Engagement
14646,1,73,280206.02,13,3838.4386301369864,False,1,High-Value & Active,High-Value & Active
14647,201,1,243.22,1,243.22,False,0,Dormant Customers,Dormant Customers
14649,4,4,1417.29,3,354.3225,False,4,Regular Buyers,Regular Buyers
14651,67,2,654.6,2,327.3,False,2,Recent Low-Engagement,Recent Low-Engagement
14652,77,1,114.18,1,114.18,False,3,,
14653,1,7,1947.55,4,278.2214285714286,False,4,Regular Buyers,Regular Buyers
14655,8,4,1932.23,4,483.0575,False,4,Regular Buyers,Regular Buyers
14656,169,2,291.05,2,145.525,False,0,Dormant Customers,Dormant Customers
14657,17,4,848.22,4,212.055,False,2,Recent Low-Engagement,Recent Low-Engagement
14658,5,2,247.15,2,123.575,False,3,,
14659,8,9,2529.93,9,281.1033333333333,False,4,Regular Buyers,Regular Buyers
14660,86,2,285.74,2,142.87,False,3,,
14661,26,1,107.95,1,107.95,False,3,,
14662,28,4,771.17,4,192.7925,False,2,Recent Low-Engagement,Recent Low-Engagement
14664,19,2,637.89,1,318.945,False,2,Recent Low-Engagement,Recent Low-Engagement
14665,60,5,1835.7,3,367.14,False,4,Regular Buyers,Regular Buyers
14666,24,1,195.25,1,195.25,False,3,,
14667,10,25,9241.2,11,369.648,False,1,High-Value & Active,High-Value & Active
14669,241,3,1269.99,2,423.33,False,0,Dormant Customers,Dormant Customers
14670,280,2,411.53,1,205.765,False,0,Dormant Customers,Dormant Customers
14672,234,2,765.55,2,382.775,False,0,Dormant Customers,Dormant Customers
14673,3,5,1736.4,3,347.28000000000003,False,4,Regular Buyers,Regular Buyers
14675,16,1,604.75,1,604.75,False,3,,
14676,31,6,2548.2400000000002,5,424.7066666666667,False,4,Regular Buyers,Regular Buyers
14680,25,16,28754.11,11,1797.131875,False,1,High-Value & Active,High-Value & Active
14681,71,3,498.95,2,166.31666666666666,False,2,Recent Low-Engagement,Recent Low-Engagement
14682,187,2,52.0,2,26.0,False,0,Dormant Customers,Dormant Customers
14684,25,5,1236.28,5,247.256,False,4,Regular Buyers,Regular Buyers
14687,106,1,628.38,1,628.38,False,3,,
14688,7,21,5630.87,12,268.13666666666666,False,1,High-Value & Active,High-Value & Active
14689,208,1,112.8,1,112.8,False,0,Dormant Customers,Dormant Customers
14690,44,2,371.7,2,185.85,False,3,,
14691,30,5,2114.33,3,422.866,False,4,Regular Buyers,Regular Buyers
14692,137,4,591.55,4,147.8875,False,2,Recent Low-Engagement,Recent Low-Engagement
14693,264,1,172.9,1,172.9,False,0,Dormant Customers,Dormant Customers
14696,4,7,2078.95,7,296.99285714285713,False,4,Regular Buyers,Regular Buyers
14697,218,2,188.60999999999999,1,94.30499999999999,False,0,Dormant Customers,Dormant Customers
14698,1,5,1250.76,3,250.152,False,4,Regular Buyers,Regular Buyers
14699,214,1,109.13000000000001,1,109.13000000000001,False,0,Dormant Customers,Dormant Customers
14700,32,3,2235.3,3,745.1,False,4,Regular Buyers,Regular Buyers
14701,10,9,2549.37,6,283.2633333333333,False,4,Regular Buyers,Regular Buyers
14702,1,17,3292.14,11,193.65529411764706,False,1,High-Value & Active,High-Value & Active
14703,14,1,318.17,1,318.17,False,3,,
14704,11,9,1546.91,5,171.8788888888889,False,4,Regular Buyers,Regular Buyers
14705,198,1,179.0,1,179.0,False,0,Dormant Customers,Dormant Customers
14708,2,3,1126.37,3,375.45666666666665,False,2,Recent Low-Engagement,Recent Low-Engagement
14709,15,13,4921.04,9,378.54153846153844,False,1,High-Value & Active,High-Value & Active
14710,14,4,606.13,2,151.5325,False,2,Recent Low-Engagement,Recent Low-Engagement
14711,10,11,2868.8,7,260.8,False,4,Regular Buyers,Regular Buyers
14712,29,3,917.07,3,305.69,False,2,Recent Low-Engagement,Recent Low-Engagement
14713,9,11,2666.36,8,242.39636363636365,False,4,Regular Buyers,Regular Buyers
14714,24,1,160.19,1,160.19,False,3,,
14715,24,4,867.38,4,216.845,False,2,Recent Low-Engagement,Recent Low-Engagement
14716,43,2,329.68,2,164.84,False,3,,
14719,1,5,1602.13,5,320.42600000000004,False,4,Regular Buyers,Regular Buyers
14720,5,3,663.81,3,221.26999999999998,False,2,Recent Low-Engagement,Recent Low-Engagement
14722,147,1,187.92000000000002,1,187.92000000000002,False,3,,
14723,10,6,1158.3,3,193.04999999999998,False,4,Regular Buyers,Regular Buyers
14725,24,1,718.08,1,718.08,False,2,Recent Low-Engagement,Recent Low-Engagement
14727,274,1,268.58,1,268.58,False,0,Dormant Customers,Dormant Customers
14729,373,1,313.49,1,313.49,False,0,Dormant Customers,Dormant Customers
14730,1,8,2005.06,6,250.6325,False,4,Regular Buyers,Regular Buyers
14731,47,3,380.02,2,126.67333333333333,False,2,Recent Low-Engagement,Recent Low-Engagement
14732,8,8,2702.4900000000002,8,337.81125000000003,False,4,Regular Buyers,Regular Buyers
14733,16,12,9585.91,9,798.8258333333333,False,1,High-Value & Active,High-Value & Active
14735,3,32,6065.69,12,189.5528125,False,1,High-Value & Active,High-Value & Active
14737,3,3,1164.55,3,388.18333333333334,False,2,Recent Low-Engagement,Recent Low-Engagement
14738,42,7,1314.45,5,187.77857142857144,False,4,Regular Buyers,Regular Buyers
14739,4,7,3902.28,7,557.4685714285714,False,4,Regular Buyers,Regular Buyers
14740,197,3,1448.21,3,482.7366666666667,False,2,Recent Low-Engagement,Recent Low-Engagement
14741,11,6,1400.34,5,233.39,False,4,Regular Buyers,Regular Buyers
14744,16,7,1099.98,5,157.14000000000001,False,4,Regular Buyers,Regular Buyers
14745,112,5,1220.26,4,244.052,False,4,Regular Buyers,Regular Buyers
14747,249,1,328.2,1,328.2,False,0,Dormant Customers,Dormant Customers
14748,29,5,1415.75,4,283.15,False,4,Regular Buyers,Regular Buyers
14752,43,1,389.64,1,389.64,False,3,,
14753,87,1,563.15,1,563.15,False,3,,
14754,44,2,638.05,2,319.025,False,2,Recent Low-Engagement,Recent Low-Engagement
14755,9,11,5010.28,10,455.47999999999996,False,1,High-Value & Active,High-Value & Active
14756,15,1,738.96,1,738.96,False,2,Recent Low-Engagement,Recent Low-Engagement
14757,75,1,420.5,1,420.5,False,3,,
14758,144,4,1484.06,4,371.015,False,2,Recent Low-Engagement,Recent Low-Engagement
14759,4,3,1625.97,3,541.99,False,2,Recent Low-Engagement,Recent Low-Engagement
14760,297,1,89.2,1,89.2,False,0,Dormant Customers,Dormant Customers
14761,58,2,255.9,2,127.95,False,3,,
14762,263,1,300.52,1,300.52,False,0,Dormant Customers,Dormant Customers
14764,46,1,278.3,1,278.3,False,3,,
14765,29,3,254.11,3,84.70333333333333,False,3,,
14766,8,6,2473.37,6,412.2283333333333,False,4,Regular Buyers,Regular Buyers
14768,17,2,192.60000000000002,2,96.30000000000001,False,3,,
14769,2,8,10674.75,8,1334.34375,False,1,High-Value & Active,High-Value & Active
14770,232,2,876.42,2,438.21,False,0,Dormant Customers,Dormant Customers
14772,112,1,139.26,1,139.26,False,3,,
14775,58,3,1011.9,3,337.3,False,2,Recent Low-Engagement,Recent Low-Engagement
14776,51,11,2538.3,7,230.75454545454548,False,4,Regular Buyers,Regular Buyers
14778,127,2,730.86,2,365.43,False,2,Recent Low-Engagement,Recent Low-Engagement
14779,280,3,386.15,2,128.71666666666667,False,0,Dormant Customers,Dormant Customers
14780,54,2,447.68,2,223.84,False,2,Recent Low-Engagement,Recent Low-Engagement
14782,319,1,200.10000000000002,1,200.10000000000002,False,0,Dormant Customers,Dormant Customers
14784,26,2,289.99,2,144.995,False,3,,
14785,10,2,77.4,1,38.7,False,3,,
14788,7,2,679.4399999999999,2,339.71999999999997,False,2,Recent Low-Engagement,Recent Low-Engagement
14789,28,1,197.64,1,197.64,False,3,,
14790,16,4,745.06,3,186.265,False,2,Recent Low-Engagement,Recent Low-Engagement
14792,63,1,6.2,1,6.2,False,3,,
14793,21,1,228.99,1,228.99,False,3,,
14794,2,7,1319.91,5,188.55857142857144,False,4,Regular Buyers,Regular Buyers
14795,166,1,131.45000000000002,1,131.45000000000002,False,0,Dormant Customers,Dormant Customers
14796,1,17,8022.49,13,471.9111764705882,False,1,High-Value & Active,High-Value & Active
14798,52,3,173.74,3,57.913333333333334,False,3,,
14799,51,1,157.7,1,157.7,False,3,,
14800,47,12,4339.74,9,361.645,False,1,High-Value & Active,High-Value & Active
14801,61,1,193.14,1,193.14,False,3,,
14803,162,3,845.55,3,281.84999999999997,False,2,Recent Low-Engagement,Recent Low-Engagement
14804,8,1,353.27,1,353.27,False,3,,
14805,15,4,554.65,3,138.6625,False,2,Recent Low-Engagement,Recent Low-Engagement
14806,75,1,193.39000000000001,1,193.39000000000001,False,3,,
14808,39,8,2741.17,4,342.64625,False,4,Regular Buyers,Regular Buyers
14810,40,11,2087.88,9,189.80727272727273,False,4,Regular Buyers,Regular Buyers
14813,369,2,155.43,1,77.715,False,0,Dormant Customers,Dormant Customers
14815,36,2,778.5,2,389.25,False,2,Recent Low-Engagement,Recent Low-Engagement
14816,197,1,271.85,1,271.85,False,0,Dormant Customers,Dormant Customers
14817,200,2,1110.34,2,555.17,False,0,Dormant Customers,Dormant Customers
14818,73,3,657.8,3,219.26666666666665,False,2,Recent Low-Engagement,Recent Low-Engagement
14819,64,2,272.07,2,136.035,False,3,,
14820,21,4,507.29,3,126.8225,False,2,Recent Low-Engagement,Recent Low-Engagement
14821,366,1,48.800000000000004,1,48.800000000000004,False,0,Dormant Customers,Dormant Customers
14823,180,3,321.43,2,107.14333333333333,False,0,Dormant Customers,Dormant Customers
14824,10,4,1127.71,2,281.9275,False,4,Regular Buyers,Regular Buyers
14825,3,12,2226.91,10,185.57583333333332,False,4,Regular Buyers,Regular Buyers
14828,196,3,2139.76,3,713.2533333333334,False,2,Recent Low-Engagement,Recent Low-Engagement
14829,29,4,697.55,3,174.3875,False,2,Recent Low-Engagement,Recent Low-Engagement
14830,53,1,197.13,1,197.13,False,3,,
14834,17,6,1720.3,5,286.71666666666664,False,4,Regular Buyers,Regular Buyers
14836,10,3,102.44999999999999,1,34.15,False,3,,
14837,89,4,1649.5,4,412.375,False,4,Regular Buyers,Regular Buyers
14840,267,1,62.85,1,62.85,False,0,Dormant Customers,Dormant Customers
14841,53,6,3295.76,5,549.2933333333334,False,4,Regular Buyers,Regular Buyers
14842,43,4,2824.69,4,706.1725,False,4,Regular Buyers,Regular Buyers
14844,63,4,3189.81,4,797.4525,False,4,Regular Buyers,Regular Buyers
14847,148,1,309.4,1,309.4,False,3,,
14849,21,25,7930.54,11,317.2216,False,1,High-Value & Active,High-Value & Active
14850,311,1,325.75,1,325.75,False,0,Dormant Customers,Dormant Customers
14851,23,2,511.35,2,255.675,False,2,Recent Low-Engagement,Recent Low-Engagement
14852,58,6,2836.69,5,472.7816666666667,False,4,Regular Buyers,Regular Buyers
14853,24,2,475.8,2,237.9,False,2,Recent Low-Engagement,Recent Low-Engagement
14854,78,7,2759.83,5,394.26142857142855,False,4,Regular Buyers,Regular Buyers
14855,119,2,645.65,2,322.825,False,2,Recent Low-Engagement,Recent Low-Engagement
14856,36,3,1311.3799999999999,2,437.1266666666666,False,2,Recent Low-Engagement,Recent Low-Engagement
14857,59,2,1173.12,2,586.56,False,2,Recent Low-Engagement,Recent Low-Engagement
14859,12,4,1353.74,3,338.435,False,4,Regular Buyers,Regular Buyers
14860,19,1,170.32,1,170.32,False,3,,
14861,52,1,125.79,1,125.79,False,3,,
14862,25,2,841.1999999999999,2,420.59999999999997,False,2,Recent Low-Engagement,Recent Low-Engagement
14863,29,1,266.76,1,266.76,False,3,,
14865,7,2,52.2,2,26.1,False,3,,
14866,10,12,14389.9,6,1199.1583333333333,False,1,High-Value & Active,High-Value & Active
14867,185,3,710.28,3,236.76,False,2,Recent Low-Engagement,Recent Low-Engagement
14868,3,8,2953.59,6,369.19875,False,4,Regular Buyers,Regular Buyers
14869,8,2,725.7,2,362.85,False,2,Recent Low-Engagement,Recent Low-Engagement
14870,261,1,327.25,1,327.25,False,0,Dormant Customers,Dormant Customers
14871,3,4,522.38,4,130.595,False,2,Recent Low-Engagement,Recent Low-Engagement
14873,210,1,519.68,1,519.68,False,0,Dormant Customers,Dormant Customers
14875,107,2,1465.3200000000002,2,732.6600000000001,False,2,Recent Low-Engagement,Recent Low-Engagement
14878,12,9,1485.54,7,165.06,False,4,Regular Buyers,Regular Buyers
14880,77,3,706.19,3,235.39666666666668,False,2,Recent Low-Engagement,Recent Low-Engagement
14881,19,1,255.4,1,255.4,False,3,,
14882,26,2,589.7,1,294.85,False,2,Recent Low-Engagement,Recent Low-Engagement
14883,18,6,761.59,5,126.93166666666667,False,4,Regular Buyers,Regular Buyers
14885,131,1,765.3199999999999,1,765.3199999999999,False,2,Recent Low-Engagement,Recent Low-Engagement
14886,252,1,364.8,1,364.8,False,0,Dormant Customers,Dormant Customers
14887,79,1,1862.0,1,1862.0,False,2,Recent Low-Engagement,Recent Low-Engagement
14888,207,1,369.2,1,369.2,False,0,Dormant Customers,Dormant Customers
14889,336,1,135.9,1,135.9,False,0,Dormant Customers,Dormant Customers
14890,253,1,125.65,1,125.65,False,0,Dormant Customers,Dormant Customers
14891,148,2,554.38,2,277.19,False,2,Recent Low-Engagement,Recent Low-Engagement
14893,9,2,1237.8500000000001,1,618.9250000000001,False,2,Recent Low-Engagement,Recent Low-Engagement
14894,85,1,655.75,1,655.75,False,3,,
14895,7,20,11138.710000000001,10,556.9355,False,1,High-Value & Active,High-Value & Active
14896,204,2,468.77000000000004,2,234.38500000000002,False,0,Dormant Customers,Dormant Customers
14897,7,4,1366.38,4,341.595,False,4,Regular Buyers,Regular Buyers
14898,23,6,1303.52,6,217.25333333333333,False,4,Regular Buyers,Regular Buyers
14901,11,9,1421.29,4,157.92111111111112,False,4,Regular Buyers,Regular Buyers
14902,25,1,332.66,1,332.66,False,3,,
14903,21,5,2810.63,5,562.126,False,4,Regular Buyers,Regular Buyers
14904,2,2,1025.44,2,512.72,False,2,Recent Low-Engagement,Recent Low-Engagement
14905,157,2,616.15,2,308.075,False,2,Recent Low-Engagement,Recent Low-Engagement
14907,3,7,3501.1,5,500.15714285714284,False,4,Regular Buyers,Regular Buyers
14908,74,1,277.8,1,277.8,False,3,,
14910,2,4,434.35,3,108.5875,False,2,Recent Low-Engagement,Recent Low-Engagement
14911,1,201,143825.06,13,715.5475621890547,False,1,High-Value & Active,High-Value & Active
14912,16,2,867.85,2,433.925,False,2,Recent Low-Engagement,Recent Low-Engagement
14913,35,4,1227.43,4,306.8575,False,2,Recent Low-Engagement,Recent Low-Engagement
14915,91,2,307.48,2,153.74,False,3,,
14916,70,4,1268.98,3,317.245,False,2,Recent Low-Engagement,Recent Low-Engagement
14918,115,2,1610.15,2,805.075,False,2,Recent Low-Engagement,Recent Low-Engagement
14920,212,2,977.77,1,488.885,False,0,Dormant Customers,Dormant Customers
14921,30,2,1316.07,2,658.035,False,2,Recent Low-Engagement,Recent Low-Engagement
14923,50,1,749.1,1,749.1,False,2,Recent Low-Engagement,Recent Low-Engagement
14924,245,1,310.05,1,310.05,False,0,Dormant Customers,Dormant Customers
14929,32,1,223.88,1,223.88,False,3,,
14930,108,3,2372.86,2,790.9533333333334,False,2,Recent Low-Engagement,Recent Low-Engagement
14931,4,5,1257.68,5,251.536,False,4,Regular Buyers,Regular Buyers
14932,365,1,363.53,1,363.53,False,0,Dormant Customers,Dormant Customers
14934,81,2,1890.94,2,945.47,False,2,Recent Low-Engagement,Recent Low-Engagement
14935,297,1,1784.71,1,1784.71,False,0,Dormant Customers,Dormant Customers
14936,33,8,8137.02,5,1017.1275,False,1,High-Value & Active,High-Value & Active
14937,56,3,1621.88,2,540.6266666666667,False,2,Recent Low-Engagement,Recent Low-Engagement
14944,29,12,5900.25,6,491.6875,False,1,High-Value & Active,High-Value & Active
14946,14,1,100.9,1,100.9,False,3,,
14947,72,2,290.82,2,145.41,False,3,,
14948,23,6,1101.97,5,183.66166666666666,False,4,Regular Buyers,Regular Buyers
14950,19,1,371.2,1,371.2,False,3,,
14951,79,1,311.69,1,311.69,False,3,,
14952,59,11,8099.49,5,736.3172727272727,False,1,High-Value & Active,High-Value & Active
14953,25,1,289.82,1,289.82,False,3,,
14954,12,1,336.17,1,336.17,False,3,,
14957,253,1,58.49,1,58.49,False,0,Dormant Customers,Dormant Customers
14958,147,3,499.68,3,166.56,False,2,Recent Low-Engagement,Recent Low-Engagement
14959,64,4,695.42,4,173.855,False,2,Recent Low-Engagement,Recent Low-Engagement
14960,8,2,221.27,2,110.635,False,3,,
14961,10,9,7044.68,6,782.7422222222223,False,1,High-Value & Active,High-Value & Active
14962,270,1,126.7,1,126.7,False,0,Dormant Customers,Dormant Customers
14963,9,5,1487.8,3,297.56,False,4,Regular Buyers,Regular Buyers
14964,247,1,206.21,1,206.21,False,0,Dormant Customers,Dormant Customers
14965,96,2,599.0,1,299.5,False,2,Recent Low-Engagement,Recent Low-Engagement
14966,14,1,191.32,1,191.32,False,3,,
14967,49,1,463.8,1,463.8,False,3,,
14968,30,1,147.59,1,147.59,False,3,,
14970,68,4,1592.06,4,398.015,False,4,Regular Buyers,Regular Buyers
14971,35,3,1116.57,2,372.19,False,2,Recent Low-Engagement,Recent Low-Engagement
14972,128,1,114.77,1,114.77,False,3,,
14973,107,3,1314.45,3,438.15000000000003,False,2,Recent Low-Engagement,Recent Low-Engagement
14974,37,1,114.39,1,114.39,False,3,,
14975,57,1,279.94,1,279.94,False,3,,
14976,57,7,790.86,5,112.98,False,4,Regular Buyers,Regular Buyers
14978,72,5,1931.42,4,386.284,False,4,Regular Buyers,Regular Buyers
14981,246,1,102.12,1,102.12,False,0,Dormant Customers,Dormant Customers
14984,19,2,213.27,2,106.635,False,3,,
14985,198,2,296.75,2,148.375,False,0,Dormant Customers,Dormant Customers
14987,15,2,326.4,2,163.2,False,3,,
14988,211,1,334.54,1,334.54,False,0,Dormant Customers,Dormant Customers
14995,38,2,233.23000000000002,2,116.61500000000001,False,3,,
14997,46,3,546.1999999999999,3,182.06666666666663,False,2,Recent Low-Engagement,Recent Low-Engagement
14998,170,2,429.87,2,214.935,False,0,Dormant Customers,Dormant Customers
15000,47,1,490.52,1,490.52,False,3,,
15002,115,4,1641.76,4,410.44,False,2,Recent Low-Engagement,Recent Low-Engagement
15004,147,1,1246.32,1,1246.32,False,2,Recent Low-Engagement,Recent Low-Engagement
15005,15,28,6316.57,12,225.5917857142857,False,1,High-Value & Active,High-Value & Active
15006,51,1,502.09,1,502.09,False,3,,
15007,159,1,156.91,1,156.91,False,3,,
15009,12,3,1261.78,1,420.5933333333333,False,2,Recent Low-Engagement,Recent Low-Engagement
15010,35,1,308.94,1,308.94,False,3,,
15012,53,2,423.04,2,211.52,False,2,Recent Low-Engagement,Recent Low-Engagement
15014,43,2,260.17,2,130.085,False,3,,
15016,172,1,170.04,1,170.04,False,0,Dormant Customers,Dormant Customers
15017,33,1,125.58,1,125.58,False,3,,
15018,38,3,496.21000000000004,3,165.40333333333334,False,2,Recent Low-Engagement,Recent Low-Engagement
15019,266,1,266.0,1,266.0,False,0,Dormant Customers,Dormant Customers
15021,8,9,1914.82,8,212.75777777777776,False,4,Regular Buyers,Regular Buyers
15022,11,4,905.04,2,226.26,False,2,Recent Low-Engagement,Recent Low-Engagement
15023,3,11,6802.76,9,618.4327272727273,False,1,High-Value & Active,High-Value & Active
15024,9,10,1661.33,5,166.13299999999998,False,4,Regular Buyers,Regular Buyers
15025,33,1,377.01,1,377.01,False,3,,
15026,80,3,469.0,3,156.33333333333334,False,2,Recent Low-Engagement,Recent Low-Engagement
15027,30,4,1066.1499999999999,4,266.53749999999997,False,2,Recent Low-Engagement,Recent Low-Engagement
15028,8,4,627.13,3,156.7825,False,2,Recent Low-Engagement,Recent Low-Engagement
15030,71,2,518.28,2,259.14,False,2,Recent Low-Engagement,Recent Low-Engagement
15031,4,4,668.14,4,167.035,False,2,Recent Low-Engagement,Recent Low-Engagement
15032,256,3,4959.1,2,1653.0333333333335,False,2,Recent Low-Engagement,Recent Low-Engagement
15033,4,10,2586.67,8,258.66700000000003,False,4,Regular Buyers,Regular Buyers
15034,15,8,4308.61,6,538.57625,False,4,Regular Buyers,Regular Buyers
15035,89,1,252.73000000000002,1,252.73000000000002,False,3,,
15036,72,3,465.55,2,155.18333333333334,False,2,Recent Low-Engagement,Recent Low-Engagement
15038,58,6,705.49,5,117.58166666666666,False,4,Regular Buyers,Regular Buyers
15039,9,47,19914.44,12,423.7114893617021,False,1,High-Value & Active,High-Value & Active
15041,170,1,180.35,1,180.35,False,0,Dormant Customers,Dormant Customers
15042,199,1,135.93,1,135.93,False,0,Dormant Customers,Dormant Customers
15043,31,1,537.0,1,537.0,False,3,,
15044,19,17,7700.2300000000005,11,452.954705882353,False,1,High-Value & Active,High-Value & Active
15045,151,2,735.66,2,367.83,False,2,Recent Low-Engagement,Recent Low-Engagement
15046,9,15,5213.7699999999995,9,347.58466666666664,False,1,High-Value & Active,High-Value & Active
15047,269,1,343.62,1,343.62,False,0,Dormant Customers,Dormant Customers
15048,65,4,384.05,4,96.0125,False,2,Recent Low-Engagement,Recent Low-Engagement
15049,273,1,121.17000000000002,1,121.17000000000002,False,0,Dormant Customers,Dormant Customers
15050,25,3,1782.09,2,594.03,False,2,Recent Low-Engagement,Recent Low-Engagement
15051,23,3,1391.61,3,463.86999999999995,False,2,Recent Low-Engagement,Recent Low-Engagement
15052,319,1,215.78,1,215.78,False,0,Dormant Customers,Dormant Customers
15053,4,3,697.79,3,232.59666666666666,False,2,Recent Low-Engagement,Recent Low-Engagement
15054,12,2,302.1,2,151.05,False,3,,
15057,275,2,1489.5,2,744.75,False,0,Dormant Customers,Dormant Customers
15058,25,11,2124.9900000000002,8,193.18090909090913,False,4,Regular Buyers,Regular Buyers
15059,40,9,1337.72,6,148.63555555555556,False,4,Regular Buyers,Regular Buyers
15060,8,4,303.09,2,75.7725,False,2,Recent Low-Engagement,Recent Low-Engagement
15061,3,48,54534.14,13,1136.1279166666666,False,1,High-Value & Active,High-Value & Active
15062,71,4,987.86,4,246.965,False,2,Recent Low-Engagement,Recent Low-Engagement
15063,213,1,370.79999999999995,1,370.79999999999995,False,0,Dormant Customers,Dormant Customers
15065,37,4,3158.13,4,789.5325,False,4,Regular Buyers,Regular Buyers
15066,53,1,893.59,1,893.59,False,2,Recent Low-Engagement,Recent Low-Engagement
15067,78,3,1744.76,2,581.5866666666667,False,2,Recent Low-Engagement,Recent Low-Engagement
15068,46,2,553.36,2,276.68,False,2,Recent Low-Engagement,Recent Low-Engagement
15069,179,1,1109.53,1,1109.53,False,0,Dormant Customers,Dormant Customers
15070,372,1,106.2,1,106.2,False,0,Dormant Customers,Dormant Customers
15071,93,2,982.07,2,491.035,False,2,Recent Low-Engagement,Recent Low-Engagement
15073,9,3,1043.41,2,347.80333333333334,False,2,Recent Low-Engagement,Recent Low-Engagement
15074,105,1,748.87,1,748.87,False,2,Recent Low-Engagement,Recent Low-Engagement
15075,77,1,773.03,1,773.03,False,2,Recent Low-Engagement,Recent Low-Engagement
15076,172,1,880.85,1,880.85,False,0,Dormant Customers,Dormant Customers
15078,7,32,9743.11,13,304.4721875,False,1,High-Value & Active,High-Value & Active
15079,212,4,895.61,3,223.9025,False,0,Dormant Customers,Dormant Customers
15081,22,5,504.8,5,100.96000000000001,False,2,Recent Low-Engagement,Recent Low-Engagement
15083,256,1,88.2,1,88.2,False,0,Dormant Customers,Dormant Customers
15087,281,1,306.94,1,306.94,False,0,Dormant Customers,Dormant Customers
15088,21,2,1160.07,2,580.035,False,2,Recent Low-Engagement,Recent Low-Engagement
15089,10,6,2420.84,4,403.47333333333336,False,4,Regular Buyers,Regular Buyers
15090,308,1,381.32,1,381.32,False,0,Dormant Customers,Dormant Customers
15091,67,1,480.71,1,480.71,False,3,,
15092,215,2,457.81,2,228.905,False,0,Dormant Customers,Dormant Customers
15093,18,6,4597.02,6,766.1700000000001,False,4,Regular Buyers,Regular Buyers
15095,103,4,1370.6,3,342.65,False,2,Recent Low-Engagement,Recent Low-Engagement
15096,42,1,219.39000000000001,1,219.39000000000001,False,3,,
15097,4,1,248.08,1,248.08,False,3,,
15098,182,3,39916.5,1,13305.5,False,4,Regular Buyers,Regular Buyers
15099,84,1,410.48,1,410.48,False,3,,
15100,333,3,876.0,2,292.0,False,0,Dormant Customers,Dormant Customers
15101,8,2,317.53,2,158.765,False,3,,
15103,31,2,703.36,2,351.68,False,2,Recent Low-Engagement,Recent Low-Engagement
15104,196,2,1027.44,2,513.72,False,0,Dormant Customers,Dormant Customers
15105,18,7,2298.93,4,328.4185714285714,False,4,Regular Buyers,Regular Buyers
15106,17,5,1422.52,5,284.504,False,4,Regular Buyers,Regular Buyers
15107,311,6,319.5,3,53.25,False,0,Dormant Customers,Dormant Customers
15108,141,4,1300.25,3,325.0625,False,2,Recent Low-Engagement,Recent Low-Engagement
15109,245,1,484.95,1,484.95,False,0,Dormant Customers,Dormant Customers
15110,23,4,996.1,4,249.025,False,2,Recent Low-Engagement,Recent Low-Engagement
15111,29,3,1567.48,3,522.4933333333333,False,2,Recent Low-Engagement,Recent Low-Engagement
15113,9,3,3609.33,2,1203.11,False,4,Regular Buyers,Regular Buyers
15114,30,10,2760.56,8,276.056,False,4,Regular Buyers,Regular Buyers
15115,18,1,340.11,1,340.11,False,3,,
15116,17,4,1352.75,4,338.1875,False,4,Regular Buyers,Regular Buyers
15117,14,5,1551.78,4,310.356,False,4,Regular Buyers,Regular Buyers
15118,134,1,244.8,1,244.8,False,3,,
15119,245,1,266.4,1,266.4,False,0,Dormant Customers,Dormant Customers
15120,133,1,358.82,1,358.82,False,3,,
15121,50,2,457.72,2,228.86,False,2,Recent Low-Engagement,Recent Low-Engagement
15122,114,3,1633.78,3,544.5933333333334,False,2,Recent Low-Engagement,Recent Low-Engagement
15123,7,2,2199.31,2,1099.655,False,2,Recent Low-Engagement,Recent Low-Engagement
15124,22,2,184.19,2,92.095,False,3,,
15125,25,15,11528.48,8,768.5653333333333,False,1,High-Value & Active,High-Value & Active
15127,65,1,406.53,1,406.53,False,3,,
15128,60,4,1471.0,4,367.75,False,4,Regular Buyers,Regular Buyers
15129,50,11,3447.4,7,313.40000000000003,False,4,Regular Buyers,Regular Buyers
15130,169,1,330.11,1,330.11,False,0,Dormant Customers,Dormant Customers
15132,18,5,977.9300000000001,5,195.586,False,4,Regular Buyers,Regular Buyers
15133,127,3,982.42,3,327.4733333333333,False,2,Recent Low-Engagement,Recent Low-Engagement
15134,14,8,1387.99,7,173.49875,False,4,Regular Buyers,Regular Buyers
15135,239,1,139.05,1,139.05,False,0,Dormant Customers,Dormant Customers
15136,2,4,1286.7,3,321.675,False,4,Regular Buyers,Regular Buyers
15139,239,2,178.96,2,89.48,False,0,Dormant Customers,Dormant Customers
15140,52,7,2354.25,6,336.32142857142856,False,4,Regular Buyers,Regular Buyers
15142,46,1,498.74,1,498.74,False,3,,
15143,225,1,259.45,1,259.45,False,0,Dormant Customers,Dormant Customers
15144,8,17,6580.44,9,387.0847058823529,False,1,High-Value & Active,High-Value & Active
15145,4,4,1194.73,3,298.6825,False,4,Regular Buyers,Regular Buyers
15146,164,2,1327.16,2,663.58,False,2,Recent Low-Engagement,Recent Low-Engagement
15147,240,1,623.5,1,623.5,False,0,Dormant Customers,Dormant Customers
15148,10,1,301.29,1,301.29,False,3,,
15149,133,1,520.8000000000001,1,520.8000000000001,False,3,,
15150,17,10,5314.47,6,531.447,False,1,High-Value & Active,High-Value & Active
15152,9,13,4745.69,6,365.0530769230769,False,1,High-Value & Active,High-Value & Active
15153,31,1,329.25,1,329.25,False,3,,
15154,75,1,296.42,1,296.42,False,3,,
15156,1,3,961.49,2,320.49666666666667,False,2,Recent Low-Engagement,Recent Low-Engagement
15157,3,3,1936.07,3,645.3566666666667,False,4,Regular Buyers,Regular Buyers
15158,45,1,401.40000000000003,1,401.40000000000003,False,3,,
15159,1,30,18641.010000000002,12,621.3670000000001,False,1,High-Value & Active,High-Value & Active
15160,357,1,158.16,1,158.16,False,0,Dormant Customers,Dormant Customers
15163,18,2,304.47,2,152.235,False,3,,
15164,68,3,843.05,3,281.01666666666665,False,2,Recent Low-Engagement,Recent Low-Engagement
15165,373,1,487.75,1,487.75,False,0,Dormant Customers,Dormant Customers
15167,320,1,163.0,1,163.0,False,0,Dormant Customers,Dormant Customers
15168,25,1,106.56,1,106.56,False,3,,
15171,331,1,1289.5,1,1289.5,False,0,Dormant Customers,Dormant Customers
15172,8,5,1624.05,5,324.81,False,4,Regular Buyers,Regular Buyers
15174,322,1,135.75,1,135.75,False,0,Dormant Customers,Dormant Customers
15175,71,1,224.14,1,224.14,False,3,,
15178,260,1,40.5,1,40.5,False,0,Dormant Customers,Dormant Customers
15179,18,5,2206.95,4,441.39,False,4,Regular Buyers,Regular Buyers
15180,367,1,87.5,1,87.5,False,0,Dormant Customers,Dormant Customers
15181,66,3,689.4799999999999,3,229.82666666666663,False,2,Recent Low-Engagement,Recent Low-Engagement
15182,154,2,622.85,2,311.425,False,2,Recent Low-Engagement,Recent Low-Engagement
15184,29,2,406.76,2,203.38,False,2,Recent Low-Engagement,Recent Low-Engagement
15185,70,1,310.62,1,310.62,False,3,,
15186,14,2,411.41,2,205.705,False,2,Recent Low-Engagement,Recent Low-Engagement
15187,1,16,4777.18,8,298.57375,False,1,High-Value & Active,High-Value & Active
15189,1,41,16225.39,12,395.74121951219513,False,1,High-Value & Active,High-Value & Active
15192,119,3,1044.32,3,348.1066666666666,False,2,Recent Low-Engagement,Recent Low-Engagement
15193,60,1,499.32,1,499.32,False,3,,
15194,3,15,7616.53,10,507.76866666666666,False,1,High-Value & Active,High-Value & Active
15195,2,1,3861.0,1,3861.0,True,2,Recent Low-Engagement,High-Value One-Time Buyer
15197,10,3,1079.6100000000001,3,359.87000000000006,False,2,Recent Low-Engagement,Recent Low-Engagement
15198,92,2,193.64,2,96.82,False,3,,
15199,59,4,1268.7,4,317.175,False,2,Recent Low-Engagement,Recent Low-Engagement
15201,87,5,1236.54,4,247.308,False,4,Regular Buyers,Regular Buyers
15203,25,6,1827.8,6,304.6333333333333,False,4,Regular Buyers,Regular Buyers
15204,357,1,316.58,1,316.58,False,0,Dormant Customers,Dormant Customers
15205,85,2,653.24,2,326.62,False,2,Recent Low-Engagement,Recent Low-Engagement
15206,10,4,420.29999999999995,4,105.07499999999999,False,2,Recent Low-Engagement,Recent Low-Engagement
15208,1,5,870.12,5,174.024,False,4,Regular Buyers,Regular Buyers
15210,225,1,331.18,1,331.18,False,0,Dormant Customers,Dormant Customers
15211,60,2,894.4100000000001,2,447.20500000000004,False,2,Recent Low-Engagement,Recent Low-Engagement
15212,241,1,101.8,1,101.8,False,0,Dormant Customers,Dormant Customers
15213,318,2,328.35,1,164.175,False,0,Dormant Customers,Dormant Customers
15214,1,8,1661.44,6,207.68,False,4,Regular Buyers,Regular Buyers
15215,46,3,734.94,2,244.98000000000002,False,2,Recent Low-Engagement,Recent Low-Engagement
15216,87,1,96.6,1,96.6,False,3,,
15218,10,11,5756.89,9,523.3536363636364,False,1,High-Value & Active,High-Value & Active
15219,176,1,305.75,1,305.75,False,0,Dormant Customers,Dormant Customers
15220,51,6,1778.96,6,296.49333333333334,False,4,Regular Buyers,Regular Buyers
15221,366,1,403.25,1,403.25,False,0,Dormant Customers,Dormant Customers
15222,318,1,585.0,1,585.0,False,0,Dormant Customers,Dormant Customers
15223,225,2,755.75,1,377.875,False,0,Dormant Customers,Dormant Customers
15224,358,2,322.08,1,161.04,False,0,Dormant Customers,Dormant Customers
15225,234,1,409.40000000000003,1,409.40000000000003,False,0,Dormant Customers,Dormant Customers
15226,310,1,154.41,1,154.41,False,0,Dormant Customers,Dormant Customers
15227,36,5,1219.4,4,243.88000000000002,False,4,Regular Buyers,Regular Buyers
15228,66,4,3386.71,4,846.6775,False,4,Regular Buyers,Regular Buyers
15230,239,2,429.6,1,214.8,False,0,Dormant Customers,Dormant Customers
15232,113,2,612.06,2,306.03,False,2,Recent Low-Engagement,Recent Low-Engagement
15234,276,1,197.0,1,197.0,False,0,Dormant Customers,Dormant Customers
15235,217,12,2247.51,5,187.29250000000002,False,4,Regular Buyers,Regular Buyers
15236,298,1,321.05,1,321.05,False,0,Dormant Customers,Dormant Customers
15237,1,4,1412.32,4,353.08,False,4,Regular Buyers,Regular Buyers
15238,29,3,1071.99,3,357.33,False,2,Recent Low-Engagement,Recent Low-Engagement
15239,10,2,780.59,2,390.295,False,2,Recent Low-Engagement,Recent Low-Engagement
15240,44,5,1706.57,5,341.31399999999996,False,4,Regular Buyers,Regular Buyers
15241,66,8,1756.44,7,219.555,False,4,Regular Buyers,Regular Buyers
15243,74,1,316.68,1,316.68,False,3,,
15244,65,2,631.57,2,315.785,False,2,Recent Low-Engagement,Recent Low-Engagement
15245,134,3,2515.84,3,838.6133333333333,False,2,Recent Low-Engagement,Recent Low-Engagement
15246,238,2,514.15,2,257.075,False,0,Dormant Customers,Dormant Customers
15247,122,1,356.0,1,356.0,False,3,,
15249,31,13,6688.46,8,514.496923076923,False,1,High-Value & Active,High-Value & Active
15251,9,11,10484.99,8,953.180909090909,False,1,High-Value & Active,High-Value & Active
15252,36,2,740.78,2,370.39,False,2,Recent Low-Engagement,Recent Low-Engagement
15253,16,5,918.1999999999999,3,183.64,False,4,Regular Buyers,Regular Buyers
15254,127,1,300.36,1,300.36,False,3,,
15255,66,1,890.85,1,890.85,False,2,Recent Low-Engagement,Recent Low-Engagement
15256,148,1,98.45,1,98.45,False,3,,
15257,283,1,317.15,1,317.15,False,0,Dormant Customers,Dormant Customers
15258,168,2,623.16,2,311.58,False,2,Recent Low-Engagement,Recent Low-Engagement
15260,100,7,1810.77,6,258.68142857142857,False,4,Regular Buyers,Regular Buyers
15261,135,1,254.82,1,254.82,False,3,,
15262,323,1,178.95000000000002,1,178.95000000000002,False,0,Dormant Customers,Dormant Customers
15263,106,1,156.51,1,156.51,False,3,,
15264,64,1,393.74,1,393.74,False,3,,
15265,151,2,1506.1200000000001,2,753.0600000000001,False,2,Recent Low-Engagement,Recent Low-Engagement
15266,338,1,119.3,1,119.3,False,0,Dormant Customers,Dormant Customers
15267,22,5,1717.36,4,343.472,False,4,Regular Buyers,Regular Buyers
15269,23,1,408.8,1,408.8,False,3,,
15270,15,7,2379.49,4,339.9271428571428,False,4,Regular Buyers,Regular Buyers
15271,7,15,2507.07,10,167.138,False,1,High-Value & Active,High-Value & Active
15272,57,2,721.94,2,360.97,False,2,Recent Low-Engagement,Recent Low-Engagement
15274,4,2,716.57,2,358.285,False,2,Recent Low-Engagement,Recent Low-Engagement
15275,37,1,615.14,1,615.14,False,3,,
15276,66,1,135.31,1,135.31,False,3,,
15277,46,1,255.89999999999998,1,255.89999999999998,False,3,,
15279,354,1,290.51,1,290.51,False,0,Dormant Customers,Dormant Customers
15280,172,1,113.12,1,113.12,False,0,Dormant Customers,Dormant Customers
15281,58,9,2332.15,6,259.1277777777778,False,4,Regular Buyers,Regular Buyers
15286,49,1,240.55,1,240.55,False,3,,
15287,22,2,486.69,2,243.345,False,2,Recent Low-Engagement,Recent Low-Engagement
15288,43,5,2306.52,5,461.304,False,4,Regular Buyers,Regular Buyers
15289,29,3,939.78,3,313.26,False,2,Recent Low-Engagement,Recent Low-Engagement
15290,4,18,7943.22,12,441.29,False,1,High-Value & Active,High-Value & Active
15291,25,15,4668.3,7,311.22,False,1,High-Value & Active,High-Value & Active
15292,201,1,180.94,1,180.94,False,0,Dormant Customers,Dormant Customers
15296,50,6,3672.86,5,612.1433333333333,False,4,Regular Buyers,Regular Buyers
15297,10,3,641.94,2,213.98000000000002,False,2,Recent Low-Engagement,Recent Low-Engagement
15298,2,12,4799.9,9,399.9916666666666,False,1,High-Value & Active,High-Value & Active
15299,67,7,4507.01,4,643.8585714285715,False,4,Regular Buyers,Regular Buyers
15300,64,1,496.44,1,496.44,False,3,,
15301,50,12,5070.35,9,422.5291666666667,False,1,High-Value & Active,High-Value & Active
15303,290,1,574.02,1,574.02,False,0,Dormant Customers,Dormant Customers
15304,60,8,694.4000000000001,7,86.80000000000001,False,4,Regular Buyers,Regular Buyers
15306,64,3,1174.35,3,391.45,False,2,Recent Low-Engagement,Recent Low-Engagement
15307,95,1,205.3,1,205.3,False,3,,
15308,274,1,310.47,1,310.47,False,0,Dormant Customers,Dormant Customers
15311,0,91,60767.9,13,667.7791208791209,False,1,High-Value & Active,High-Value & Active
15312,75,4,924.85,4,231.2125,False,2,Recent Low-Engagement,Recent Low-Engagement
15313,110,1,52.0,1,52.0,False,3,,
15314,199,1,327.97,1,327.97,False,0,Dormant Customers,Dormant Customers
15315,64,2,570.5,2,285.25,False,2,Recent Low-Engagement,Recent Low-Engagement
15316,326,1,165.0,1,165.0,False,0,Dormant Customers,Dormant Customers
15318,3,1,312.62,1,312.62,False,3,,
15319,283,1,204.5,1,204.5,False,0,Dormant Customers,Dormant Customers
15320,44,1,267.13,1,267.13,False,3,,
15321,70,3,2748.31,2,916.1033333333334,False,4,Regular Buyers,Regular Buyers
15322,85,1,679.68,1,679.68,False,2,Recent Low-Engagement,Recent Low-Engagement
15325,103,1,162.29,1,162.29,False,3,,
15326,333,1,311.71,1,311.71,False,0,Dormant Customers,Dormant Customers
15327,52,1,208.75,1,208.75,False,3,,
15329,39,3,1049.7,3,349.90000000000003,False,2,Recent Low-Engagement,Recent Low-Engagement
15330,32,2,714.96,2,357.48,False,2,Recent Low-Engagement,Recent Low-Engagement
15332,366,4,1661.06,1,415.265,False,0,Dormant Customers,Dormant Customers
15333,208,1,1028.56,1,1028.56,False,0,Dormant Customers,Dormant Customers
15334,156,3,351.67,2,117.22333333333334,False,2,Recent Low-Engagement,Recent Low-Engagement
15335,53,1,173.97,1,173.97,False,3,,
15339,66,2,574.07,2,287.035,False,2,Recent Low-Engagement,Recent Low-Engagement
15341,80,1,2020.52,1,2020.52,False,2,Recent Low-Engagement,Recent Low-Engagement
15342,129,1,406.09,1,406.09,False,3,,
15343,87,1,364.5,1,364.5,False,3,,
15344,0,3,563.94,3,187.98000000000002,False,2,Recent Low-Engagement,Recent Low-Engagement
15345,45,1,393.54,1,393.54,False,3,,
15346,332,1,252.42000000000002,1,252.42000000000002,False,0,Dormant Customers,Dormant Customers
15347,366,1,201.60000000000002,1,201.60000000000002,False,0,Dormant Customers,Dormant Customers
15348,72,1,158.04,1,158.04,False,3,,
15349,158,2,473.81,2,236.905,False,2,Recent Low-Engagement,Recent Low-Engagement
15350,373,1,115.65,1,115.65,False,0,Dormant Customers,Dormant Customers
15351,12,7,1960.1100000000001,4,280.0157142857143,False,4,Regular Buyers,Regular Buyers
15353,254,2,777.02,2,388.51,False,0,Dormant Customers,Dormant Customers
15355,29,2,277.05,2,138.525,False,3,,
15356,31,10,2766.5,9,276.65,False,4,Regular Buyers,Regular Buyers
15358,4,22,8347.2,13,379.41818181818184,False,1,High-Value & Active,High-Value & Active
15360,39,1,427.93,1,427.93,False,3,,
15361,361,1,418.92,1,418.92,False,0,Dormant Customers,Dormant Customers
15363,372,1,326.0,1,326.0,False,0,Dormant Customers,Dormant Customers
15364,95,2,913.19,2,456.595,False,2,Recent Low-Engagement,Recent Low-Engagement
15365,25,7,2314.32,3,330.6171428571429,False,4,Regular Buyers,Regular Buyers
15366,75,2,602.51,2,301.255,False,2,Recent Low-Engagement,Recent Low-Engagement
15367,57,4,1877.59,3,469.3975,False,4,Regular Buyers,Regular Buyers
15368,21,1,446.94000000000005,1,446.94000000000005,False,3,,
15370,40,7,2386.05,6,340.86428571428576,False,4,Regular Buyers,Regular Buyers
15372,137,1,2007.3999999999999,1,2007.3999999999999,False,2,Recent Low-Engagement,Recent Low-Engagement
15373,8,12,2415.91,9,201.32583333333332,False,4,Regular Buyers,Regular Buyers
15374,128,1,168.0,1,168.0,False,3,,
15376,40,3,1233.3600000000001,3,411.12000000000006,False,2,Recent Low-Engagement,Recent Low-Engagement
15379,169,7,3703.29,5,529.0414285714286,False,4,Regular Buyers,Regular Buyers
15380,8,5,1690.2600000000002,5,338.052,False,4,Regular Buyers,Regular Buyers
15381,213,2,596.85,2,298.425,False,0,Dormant Customers,Dormant Customers
15382,14,6,5955.71,5,992.6183333333333,False,4,Regular Buyers,Regular Buyers
15384,169,2,642.41,2,321.205,False,2,Recent Low-Engagement,Recent Low-Engagement
15385,40,1,316.88,1,316.88,False,3,,
15386,186,1,394.14,1,394.14,False,0,Dormant Customers,Dormant Customers
15388,270,1,140.54,1,140.54,False,0,Dormant Customers,Dormant Customers
15389,172,1,500.0,1,500.0,False,0,Dormant Customers,Dormant Customers
15392,4,4,1535.53,4,383.8825,False,4,Regular Buyers,Regular Buyers
15393,16,2,231.86,2,115.93,False,3,,
15394,9,4,2183.54,4,545.885,False,4,Regular Buyers,Regular Buyers
15395,325,1,107.45,1,107.45,False,0,Dormant Customers,Dormant Customers
15396,112,1,288.18,1,288.18,False,3,,
15397,289,1,94.0,1,94.0,False,0,Dormant Customers,Dormant Customers
15398,16,2,1345.53,2,672.765,False,2,Recent Low-Engagement,Recent Low-Engagement
15399,1,3,815.77,3,271.92333333333335,False,2,Recent Low-Engagement,Recent Low-Engagement
15400,92,5,716.2,4,143.24,False,2,Recent Low-Engagement,Recent Low-Engagement
15402,148,2,626.77,2,313.385,False,2,Recent Low-Engagement,Recent Low-Engagement
15405,189,1,349.1,1,349.1,False,0,Dormant Customers,Dormant Customers
15406,31,2,510.71000000000004,2,255.35500000000002,False,2,Recent Low-Engagement,Recent Low-Engagement
15407,33,4,1056.44,4,264.11,False,2,Recent Low-Engagement,Recent Low-Engagement
15408,264,1,267.18,1,267.18,False,0,Dormant Customers,Dormant Customers
15410,84,8,3450.84,6,431.355,False,4,Regular Buyers,Regular Buyers
15411,26,4,1358.88,4,339.72,False,4,Regular Buyers,Regular Buyers
15412,171,1,190.53,1,190.53,False,0,Dormant Customers,Dormant Customers
15414,9,3,774.9000000000001,2,258.3,False,2,Recent Low-Engagement,Recent Low-Engagement
15415,313,1,572.8100000000001,1,572.8100000000001,False,0,Dormant Customers,Dormant Customers
15416,64,4,3984.32,4,996.08,False,4,Regular Buyers,Regular Buyers
15417,85,1,508.8,1,508.8,False,3,,
15419,24,1,135.86,1,135.86,False,3,,
15421,58,4,950.36,3,237.59,False,2,Recent Low-Engagement,Recent Low-Engagement
15422,323,2,97.7,1,48.85,False,0,Dormant Customers,Dormant Customers
15423,38,1,43.5,1,43.5,False,3,,
15424,254,2,383.34,1,191.67,False,0,Dormant Customers,Dormant Customers
15426,19,5,1447.39,3,289.478,False,4,Regular Buyers,Regular Buyers
15427,33,3,1483.14,2,494.38000000000005,False,2,Recent Low-Engagement,Recent Low-Engagement
15428,15,1,93.78,1,93.78,False,3,,
15429,26,2,397.35,2,198.675,False,3,,
15432,23,1,171.19,1,171.19,False,3,,
15433,213,2,533.3,2,266.65,False,0,Dormant Customers,Dormant Customers
15434,8,5,1041.48,4,208.296,False,4,Regular Buyers,Regular Buyers
15435,22,1,149.29,1,149.29,False,3,,
15436,12,3,1122.53,3,374.1766666666667,False,2,Recent Low-Engagement,Recent Low-Engagement
15437,262,1,200.16,1,200.16,False,0,Dormant Customers,Dormant Customers
15438,131,1,156.57999999999998,1,156.57999999999998,False,3,,
15440,54,3,383.68,3,127.89333333333333,False,2,Recent Low-Engagement,Recent Low-Engagement
15442,248,1,594.0,1,594.0,False,0,Dormant Customers,Dormant Customers
15443,1,7,3236.91,6,462.4157142857143,False,4,Regular Buyers,Regular Buyers
15444,9,2,1418.26,2,709.13,False,2,Recent Low-Engagement,Recent Low-Engagement
15445,264,1,113.5,1,113.5,False,0,Dormant Customers,Dormant Customers
15447,330,1,155.17,1,155.17,False,0,Dormant Customers,Dormant Customers
15448,312,1,494.64,1,494.64,False,0,Dormant Customers,Dormant Customers
15449,26,3,974.52,3,324.84,False,2,Recent Low-Engagement,Recent Low-Engagement
15450,30,1,429.84,1,429.84,False,3,,
15452,29,3,538.73,3,179.57666666666668,False,2,Recent Low-Engagement,Recent Low-Engagement
15453,1,7,1388.37,6,198.3385714285714,False,4,Regular Buyers,Regular Buyers
15454,362,1,179.1,1,179.1,False,0,Dormant Customers,Dormant Customers
15456,283,3,447.22,2,149.07333333333335,False,0,Dormant Customers,Dormant Customers
15457,262,1,237.07,1,237.07,False,0,Dormant Customers,Dormant Customers
15458,25,1,161.64,1,161.64,False,3,,
15460,354,1,216.76,1,216.76,False,0,Dormant Customers,Dormant Customers
15462,94,3,234.6,3,78.2,False,3,,
15463,29,1,126.14,1,126.14,False,3,,
15464,338,1,1048.85,1,1048.85,False,0,Dormant Customers,Dormant Customers
15465,19,18,7354.62,10,408.59,False,1,High-Value & Active,High-Value & Active
15466,85,1,334.53,1,334.53,False,3,,
15467,9,3,524.88,2,174.96,False,2,Recent Low-Engagement,Recent Low-Engagement
15468,51,2,467.51,1,233.755,False,2,Recent Low-Engagement,Recent Low-Engagement
15469,50,2,538.55,2,269.275,False,2,Recent Low-Engagement,Recent Low-Engagement
15471,2,1,469.48,1,469.48,False,3,,
15472,113,1,371.56,1,371.56,False,3,,
15473,14,7,1771.2,2,253.02857142857144,False,4,Regular Buyers,Regular Buyers
15475,77,1,454.10999999999996,1,454.10999999999996,False,3,,
15478,40,2,1441.42,1,720.71,False,2,Recent Low-Engagement,Recent Low-Engagement
15480,116,1,905.5,1,905.5,False,2,Recent Low-Engagement,Recent Low-Engagement
15482,15,12,11054.96,5,921.2466666666666,False,1,High-Value & Active,High-Value & Active
15483,161,4,233.81,2,58.4525,False,2,Recent Low-Engagement,Recent Low-Engagement
15484,1,4,3594.31,4,898.5775,False,4,Regular Buyers,Regular Buyers
15485,30,3,2575.0,3,858.3333333333334,False,4,Regular Buyers,Regular Buyers
15488,92,1,91.32000000000001,1,91.32000000000001,False,3,,
15489,22,3,1134.28,3,378.0933333333333,False,2,Recent Low-Engagement,Recent Low-Engagement
15491,95,6,3100.09,5,516.6816666666667,False,4,Regular Buyers,Regular Buyers
15492,28,2,659.4599999999999,2,329.72999999999996,False,2,Recent Low-Engagement,Recent Low-Engagement
15493,32,5,2001.8,4,400.36,False,4,Regular Buyers,Regular Buyers
15494,21,2,1299.23,2,649.615,False,2,Recent Low-Engagement,Recent Low-Engagement
15497,17,2,1262.2,2,631.1,False,2,Recent Low-Engagement,Recent Low-Engagement
15498,2,27,13316.4,11,493.2,False,1,High-Value & Active,High-Value & Active
15500,8,4,1131.56,3,282.89,False,4,Regular Buyers,Regular Buyers
15502,15,12,10384.93,6,865.4108333333334,False,1,High-Value & Active,High-Value & Active
15503,362,1,147.09,1,147.09,False,0,Dormant Customers,Dormant Customers
15504,81,1,52.83,1,52.83,False,3,,
15505,52,5,3610.96,4,722.192,False,4,Regular Buyers,Regular Buyers
15506,22,3,979.26,3,326.42,False,2,Recent Low-Engagement,Recent Low-Engagement
15507,171,1,492.36,1,492.36,False,0,Dormant Customers,Dormant Customers
15508,189,6,1000.27,3,166.71166666666667,False,2,Recent Low-Engagement,Recent Low-Engagement
15510,330,1,250.0,1,250.0,False,0,Dormant Customers,Dormant Customers
15511,11,5,909.23,3,181.846,False,4,Regular Buyers,Regular Buyers
15512,155,2,121.0,2,60.5,False,3,,
15513,33,19,14758.220000000001,10,776.7484210526317,False,1,High-Value & Active,High-Value & Active
15514,12,11,4139.46,4,376.31454545454545,False,1,High-Value & Active,High-Value & Active
15516,44,3,62.43,1,20.81,False,3,,
15517,233,1,267.03,1,267.03,False,0,Dormant Customers,Dormant Customers
15518,64,8,1942.45,5,242.80625,False,4,Regular Buyers,Regular Buyers
15520,1,1,343.5,1,343.5,False,3,,
15521,40,8,3000.2,6,375.025,False,4,Regular Buyers,Regular Buyers
15522,32,2,398.84,2,199.42,False,3,,
15523,84,1,412.01000000000005,1,412.01000000000005,False,3,,
15524,24,1,440.0,1,440.0,False,3,,
15525,2,3,825.92,3,275.3066666666667,False,2,Recent Low-Engagement,Recent Low-Engagement
15526,33,2,148.44,1,74.22,False,3,,
15527,18,8,2429.78,7,303.7225,False,4,Regular Buyers,Regular Buyers
15528,254,1,229.33,1,229.33,False,0,Dormant Customers,Dormant Customers
15529,22,11,3995.23,9,363.20272727272726,False,1,High-Value & Active,High-Value & Active
15530,21,4,1502.35,4,375.5875,False,4,Regular Buyers,Regular Buyers
15531,8,2,2007.44,2,1003.72,False,2,Recent Low-Engagement,Recent Low-Engagement
15532,25,4,1580.93,4,395.2325,False,4,Regular Buyers,Regular Buyers
15533,19,3,807.57,2,269.19,False,2,Recent Low-Engagement,Recent Low-Engagement
15535,173,4,536.4,3,134.1,False,2,Recent Low-Engagement,Recent Low-Engagement
15537,163,1,110.92,1,110.92,False,3,,
15539,7,1,538.46,1,538.46,False,3,,
15540,11,1,213.3,1,213.3,False,3,,
15541,114,1,85.13000000000001,1,85.13000000000001,False,3,,
15543,288,1,127.86,1,127.86,False,0,Dormant Customers,Dormant Customers
15544,9,9,3546.71,7,394.0788888888889,False,4,Regular Buyers,Regular Buyers
15545,54,2,292.71999999999997,2,146.35999999999999,False,3,,
15547,7,14,4954.84,10,353.9171428571429,False,1,High-Value & Active,High-Value & Active
15549,77,3,1693.26,3,564.42,False,2,Recent Low-Engagement,Recent Low-Engagement
15550,4,4,575.63,4,143.9075,False,2,Recent Low-Engagement,Recent Low-Engagement
15551,36,1,436.06,1,436.06,False,3,,
15552,217,1,90.12,1,90.12,False,0,Dormant Customers,Dormant Customers
15553,60,1,437.23,1,437.23,False,3,,
15554,277,1,217.2,1,217.2,False,0,Dormant Customers,Dormant Customers
15555,12,16,4805.17,9,300.323125,False,1,High-Value & Active,High-Value & Active
15556,24,1,279.77,1,279.77,False,3,,
15557,28,1,473.65000000000003,1,473.65000000000003,False,3,,
15561,11,4,800.59,3,200.1475,False,2,Recent Low-Engagement,Recent Low-Engagement
15562,351,1,134.55,1,134.55,False,0,Dormant Customers,Dormant Customers
15563,22,4,1400.44,3,350.11,False,4,Regular Buyers,Regular Buyers
15565,50,2,173.16,2,86.58,False,3,,
15567,18,1,186.01,1,186.01,False,3,,
15568,2,3,758.29,3,252.76333333333332,False,2,Recent Low-Engagement,Recent Low-Engagement
15569,103,5,1375.71,3,275.142,False,4,Regular Buyers,Regular Buyers
15570,7,12,4165.52,8,347.1266666666667,False,1,High-Value & Active,High-Value & Active
15571,11,4,650.4300000000001,2,162.60750000000002,False,2,Recent Low-Engagement,Recent Low-Engagement
15572,4,7,2552.86,5,364.69428571428574,False,4,Regular Buyers,Regular Buyers
15573,31,2,607.45,2,303.725,False,2,Recent Low-Engagement,Recent Low-Engagement
15574,177,4,702.25,2,175.5625,False,2,Recent Low-Engagement,Recent Low-Engagement
15576,37,1,940.6700000000001,1,940.6700000000001,False,2,Recent Low-Engagement,Recent Low-Engagement
15577,151,3,258.88,2,86.29333333333334,False,3,,
15578,162,1,127.1,1,127.1,False,3,,
15579,68,2,348.6,2,174.3,False,3,,
15581,120,13,3679.9700000000003,6,283.0746153846154,False,1,High-Value & Active,High-Value & Active
15582,24,3,682.9100000000001,3,227.63666666666668,False,2,Recent Low-Engagement,Recent Low-Engagement
15584,23,4,725.11,4,181.2775,False,2,Recent Low-Engagement,Recent Low-Engagement
15585,176,1,455.3,1,455.3,False,0,Dormant Customers,Dormant Customers
15587,50,4,913.6800000000001,4,228.42000000000002,False,2,Recent Low-Engagement,Recent Low-Engagement
15589,255,3,478.53000000000003,2,159.51000000000002,False,0,Dormant Customers,Dormant Customers
15592,46,1,388.58,1,388.58,False,3,,
15593,70,1,199.8,1,199.8,False,3,,
15594,15,5,1771.78,3,354.356,False,4,Regular Buyers,Regular Buyers
15596,100,5,1406.59,5,281.318,False,4,Regular Buyers,Regular Buyers
15597,35,1,324.57,1,324.57,False,3,,
15598,53,1,240.68,1,240.68,False,3,,
15599,26,2,761.74,2,380.87,False,2,Recent Low-Engagement,Recent Low-Engagement
15601,11,14,6776.56,10,484.04,False,1,High-Value & Active,High-Value & Active
15602,8,9,1297.8700000000001,6,144.20777777777778,False,4,Regular Buyers,Regular Buyers
15603,78,1,48.480000000000004,1,48.480000000000004,False,3,,
15604,52,1,216.39,1,216.39,False,3,,
15605,36,5,1198.23,5,239.64600000000002,False,4,Regular Buyers,Regular Buyers
15606,61,9,2920.16,7,324.4622222222222,False,4,Regular Buyers,Regular Buyers
15607,336,1,104.76,1,104.76,False,0,Dormant Customers,Dormant Customers
15608,28,4,1093.68,3,273.42,False,2,Recent Low-Engagement,Recent Low-Engagement
15609,184,1,298.48,1,298.48,False,0,Dormant Customers,Dormant Customers
15610,51,1,112.46000000000001,1,112.46000000000001,False,3,,
15611,9,13,1591.45,7,122.41923076923078,False,4,Regular Buyers,Regular Buyers
15612,36,2,195.15,2,97.575,False,3,,
15615,10,23,10399.74,10,452.1626086956522,False,1,High-Value & Active,High-Value & Active
15618,32,4,776.851,3,194.21275,False,2,Recent Low-Engagement,Recent Low-Engagement
15619,10,1,336.40000000000003,1,336.40000000000003,False,3,,
15620,56,3,1553.18,3,517.7266666666667,False,2,Recent Low-Engagement,Recent Low-Engagement
15621,4,4,1293.03,2,323.2575,False,4,Regular Buyers,Regular Buyers
15622,43,9,3709.56,5,412.17333333333335,False,4,Regular Buyers,Regular Buyers
15623,141,1,301.03,1,301.03,False,3,,
15624,116,4,588.13,4,147.0325,False,2,Recent Low-Engagement,Recent Low-Engagement
15625,103,4,1534.26,3,383.565,False,2,Recent Low-Engagement,Recent Low-Engagement
15626,74,2,675.8,2,337.9,False,2,Recent Low-Engagement,Recent Low-Engagement
15628,4,9,2870.2400000000002,8,318.91555555555556,False,4,Regular Buyers,Regular Buyers
15630,45,2,1186.35,2,593.175,False,2,Recent Low-Engagement,Recent Low-Engagement
15632,15,8,3285.31,7,410.66375,False,4,Regular Buyers,Regular Buyers
15634,17,1,243.55,1,243.55,False,3,,
15636,89,2,724.76,2,362.38,False,2,Recent Low-Engagement,Recent Low-Engagement
15637,52,1,223.36,1,223.36,False,3,,
15639,134,1,425.32,1,425.32,False,3,,
15640,4,15,12515.66,10,834.3773333333334,False,1,High-Value & Active,High-Value & Active
15641,105,4,1887.2,3,471.8,False,4,Regular Buyers,Regular Buyers
15643,191,3,664.0,2,221.33333333333334,False,0,Dormant Customers,Dormant Customers
15644,166,4,813.0,2,203.25,False,2,Recent Low-Engagement,Recent Low-Engagement
15645,18,1,612.01,1,612.01,False,3,,
15646,157,3,447.64000000000004,3,149.21333333333334,False,2,Recent Low-Engagement,Recent Low-Engagement
15648,204,2,657.35,2,328.675,False,0,Dormant Customers,Dormant Customers
15649,336,2,816.0,2,408.0,False,0,Dormant Customers,Dormant Customers
15651,36,3,646.3,2,215.4333333333333,False,2,Recent Low-Engagement,Recent Low-Engagement
15652,91,1,337.74,1,337.74,False,3,,
15653,92,2,877.4399999999999,2,438.71999999999997,False,2,Recent Low-Engagement,Recent Low-Engagement
15654,9,2,922.53,1,461.265,False,2,Recent Low-Engagement,Recent Low-Engagement
15655,243,1,560.67,1,560.67,False,0,Dormant Customers,Dormant Customers
15656,45,4,748.5,4,187.125,False,2,Recent Low-Engagement,Recent Low-Engagement
15657,22,1,30.0,1,30.0,False,3,,
15658,190,5,1024.1000000000001,5,204.82000000000002,False,2,Recent Low-Engagement,Recent Low-Engagement
15659,43,1,306.45,1,306.45,False,3,,
15660,25,9,1600.86,6,177.87333333333333,False,4,Regular Buyers,Regular Buyers
15661,317,2,309.8,1,154.9,False,0,Dormant Customers,Dormant Customers
15663,106,1,138.14,1,138.14,False,3,,
15664,50,1,386.43,1,386.43,False,3,,
15665,168,2,2242.01,2,1121.005,False,2,Recent Low-Engagement,Recent Low-Engagement
15667,39,1,301.32,1,301.32,False,3,,
15668,217,1,76.32000000000001,1,76.32000000000001,False,0,Dormant Customers,Dormant Customers
15669,40,4,684.34,4,171.085,False,2,Recent Low-Engagement,Recent Low-Engagement
15670,296,1,173.05,1,173.05,False,0,Dormant Customers,Dormant Customers
15671,18,7,2657.13,5,379.59000000000003,False,4,Regular Buyers,Regular Buyers
15673,88,4,2881.02,4,720.255,False,4,Regular Buyers,Regular Buyers
15674,73,5,2446.6,4,489.32,False,4,Regular Buyers,Regular Buyers
15675,81,3,323.69,3,107.89666666666666,False,2,Recent Low-Engagement,Recent Low-Engagement
15676,18,3,3435.76,2,1145.2533333333333,False,4,Regular Buyers,Regular Buyers
15677,49,1,657.23,1,657.23,False,3,,
15678,52,1,352.7,1,352.7,False,3,,
15679,24,4,781.28,3,195.32,False,2,Recent Low-Engagement,Recent Low-Engagement
15680,9,3,1333.68,3,444.56,False,2,Recent Low-Engagement,Recent Low-Engagement
15681,25,5,1426.16,3,285.232,False,4,Regular Buyers,Regular Buyers
15683,117,1,193.75,1,193.75,False,3,,
15687,8,9,2993.1,7,332.56666666666666,False,4,Regular Buyers,Regular Buyers
15689,119,2,254.1,2,127.05,False,3,,
15690,4,2,239.76,2,119.88,False,3,,
15691,252,1,136.8,1,136.8,False,0,Dormant Customers,Dormant Customers
15692,28,1,191.04,1,191.04,False,3,,
15694,0,14,6479.4,9,462.8142857142857,False,1,High-Value & Active,High-Value & Active
15695,266,2,409.98,1,204.99,False,0,Dormant Customers,Dormant Customers
15696,33,8,2736.46,5,342.0575,False,4,Regular Buyers,Regular Buyers
15699,17,1,309.65,1,309.65,False,3,,
15700,172,2,696.68,1,348.34,False,2,Recent Low-Engagement,Recent Low-Engagement
15701,2,4,1542.14,4,385.535,False,4,Regular Buyers,Regular Buyers
15703,264,1,211.5,1,211.5,False,0,Dormant Customers,Dormant Customers
15704,140,4,2293.62,3,573.405,False,4,Regular Buyers,Regular Buyers
15705,201,1,143.1,1,143.1,False,0,Dormant Customers,Dormant Customers
15706,63,4,1060.56,3,265.14,False,2,Recent Low-Engagement,Recent Low-Engagement
15707,35,4,945.58,3,236.395,False,2,Recent Low-Engagement,Recent Low-Engagement
15708,40,7,3364.2400000000002,6,480.6057142857143,False,4,Regular Buyers,Regular Buyers
15709,283,1,133.25,1,133.25,False,0,Dormant Customers,Dormant Customers
15712,9,5,1072.3600000000001,5,214.47200000000004,False,4,Regular Buyers,Regular Buyers
15713,143,2,356.7,2,178.35,False,3,,
15714,11,2,330.88,2,165.44,False,3,,
15716,145,4,1118.81,4,279.7025,False,2,Recent Low-Engagement,Recent Low-Engagement
15717,234,1,150.3,1,150.3,False,0,Dormant Customers,Dormant Customers
15719,32,13,5045.61,11,388.1238461538461,False,1,High-Value & Active,High-Value & Active
15720,24,1,598.73,1,598.73,False,3,,
15721,11,1,507.08,1,507.08,False,3,,
15722,35,5,2222.56,4,444.512,False,4,Regular Buyers,Regular Buyers
15723,364,1,203.1,1,203.1,False,0,Dormant Customers,Dormant Customers
15724,201,2,218.25,2,109.125,False,0,Dormant Customers,Dormant Customers
15725,15,1,415.25,1,415.25,False,3,,
15727,16,7,5178.96,7,739.8514285714285,False,4,Regular Buyers,Regular Buyers
15729,212,1,85.0,1,85.0,False,0,Dormant Customers,Dormant Customers
15730,65,3,1120.88,3,373.6266666666667,False,2,Recent Low-Engagement,Recent Low-Engagement
15732,212,2,294.12,2,147.06,False,0,Dormant Customers,Dormant Customers
15733,282,1,162.3,1,162.3,False,0,Dormant Customers,Dormant Customers
15734,114,2,1339.45,2,669.725,False,2,Recent Low-Engagement,Recent Low-Engagement
15737,14,8,1205.1200000000001,5,150.64000000000001,False,4,Regular Buyers,Regular Buyers
15738,18,16,4812.42,12,300.77625,False,1,High-Value & Active,High-Value & Active
15739,66,1,449.12,1,449.12,False,3,,
15740,49,1,154.88,1,154.88,False,3,,
15743,16,4,784.46,3,196.115,False,2,Recent Low-Engagement,Recent Low-Engagement
15744,77,1,34.8,1,34.8,False,3,,
15745,19,4,1094.59,3,273.6475,False,2,Recent Low-Engagement,Recent Low-Engagement
15746,134,1,196.88,1,196.88,False,3,,
15747,12,3,974.04,3,324.68,False,2,Recent Low-Engagement,Recent Low-Engagement
15748,40,1,149.31,1,149.31,False,3,,
15749,235,3,44534.3,2,14844.766666666668,False,4,Regular Buyers,Regular Buyers
15750,2,8,2465.48,6,308.185,False,4,Regular Buyers,Regular Buyers
15752,39,7,2637.38,7,376.7685714285714,False,4,Regular Buyers,Regular Buyers
15753,304,1,79.2,1,79.2,False,0,Dormant Customers,Dormant Customers
15754,51,3,458.57,3,152.85666666666665,False,2,Recent Low-Engagement,Recent Low-Engagement
15755,10,6,2364.25,5,394.0416666666667,False,4,Regular Buyers,Regular Buyers
15756,61,4,532.96,4,133.24,False,2,Recent Low-Engagement,Recent Low-Engagement
15757,65,2,714.42,2,357.21,False,2,Recent Low-Engagement,Recent Low-Engagement
15758,24,1,205.25,1,205.25,False,3,,
15759,218,3,253.04,3,84.34666666666666,False,0,Dormant Customers,Dormant Customers
15762,65,2,583.75,2,291.875,False,2,Recent Low-Engagement,Recent Low-Engagement
15763,31,2,1086.92,2,543.46,False,2,Recent Low-Engagement,Recent Low-Engagement
15764,88,6,3279.97,4,546.6616666666666,False,4,Regular Buyers,Regular Buyers
15766,64,1,315.06,1,315.06,False,3,,
15768,115,3,621.8299999999999,3,207.27666666666664,False,2,Recent Low-Engagement,Recent Low-Engagement
15769,7,26,56252.72,13,2163.566153846154,False,1,High-Value & Active,High-Value & Active
15773,5,1,635.6800000000001,1,635.6800000000001,False,3,,
15774,68,1,270.8,1,270.8,False,3,,
15775,245,1,104.9,1,104.9,False,0,Dormant Customers,Dormant Customers
15776,133,1,241.62,1,241.62,False,3,,
15777,241,4,1047.11,3,261.7775,False,0,Dormant Customers,Dormant Customers
15780,183,3,475.28000000000003,3,158.42666666666668,False,0,Dormant Customers,Dormant Customers
15781,25,3,345.46,3,115.15333333333332,False,2,Recent Low-Engagement,Recent Low-Engagement
15782,9,3,2614.7400000000002,3,871.58,False,4,Regular Buyers,Regular Buyers
15783,10,1,246.3,1,246.3,False,3,,
15785,32,5,2328.9700000000003,4,465.79400000000004,False,4,Regular Buyers,Regular Buyers
15786,46,3,4932.2,2,1644.0666666666666,False,4,Regular Buyers,Regular Buyers
15787,26,3,948.05,2,316.01666666666665,False,2,Recent Low-Engagement,Recent Low-Engagement
15789,358,1,351.3,1,351.3,False,0,Dormant Customers,Dormant Customers
15790,10,1,220.85,1,220.85,False,3,,
15791,43,2,1612.69,2,806.345,False,2,Recent Low-Engagement,Recent Low-Engagement
15793,14,3,965.61,3,321.87,False,2,Recent Low-Engagement,Recent Low-Engagement
15795,149,1,610.01,1,610.01,False,3,,
15796,1,8,2711.56,7,338.945,False,4,Regular Buyers,Regular Buyers
15797,113,4,2207.4,4,551.85,False,4,Regular Buyers,Regular Buyers
15799,75,3,884.14,3,294.7133333333333,False,2,Recent Low-Engagement,Recent Low-Engagement
15800,107,2,699.08,2,349.54,False,2,Recent Low-Engagement,Recent Low-Engagement
15801,46,3,1063.95,2,354.65000000000003,False,2,Recent Low-Engagement,Recent Low-Engagement
15802,142,1,451.42,1,451.42,False,3,,
15803,51,1,415.82000000000005,1,415.82000000000005,False,3,,
15804,0,13,4206.39,8,323.5684615384616,False,1,High-Value & Active,High-Value & Active
15805,23,17,5528.4800000000005,8,325.204705882353,False,1,High-Value & Active,High-Value & Active
15806,46,3,784.58,3,261.5266666666667,False,2,Recent Low-Engagement,Recent Low-Engagement
15807,50,3,903.9,2,301.3,False,2,Recent Low-Engagement,Recent Low-Engagement
15808,306,4,3734.9700000000003,3,933.7425000000001,False,0,Dormant Customers,Dormant Customers
15809,36,5,515.77,5,103.154,False,2,Recent Low-Engagement,Recent Low-Engagement
15810,78,4,1391.98,4,347.995,False,2,Recent Low-Engagement,Recent Low-Engagement
15811,22,6,2218.62,5,369.77,False,4,Regular Buyers,Regular Buyers
15812,107,5,1801.14,5,360.228,False,4,Regular Buyers,Regular Buyers
15813,207,2,1303.9099999999999,2,651.9549999999999,False,0,Dormant Customers,Dormant Customers
15814,16,4,1945.33,2,486.3325,False,4,Regular Buyers,Regular Buyers
15815,63,5,2100.6,5,420.12,False,4,Regular Buyers,Regular Buyers
15819,49,4,1905.45,4,476.3625,False,4,Regular Buyers,Regular Buyers
15820,319,1,206.98,1,206.98,False,0,Dormant Customers,Dormant Customers
15821,44,2,570.96,1,285.48,False,2,Recent Low-Engagement,Recent Low-Engagement
15822,3,2,885.47,2,442.735,False,2,Recent Low-Engagement,Recent Low-Engagement
15823,372,1,15.0,1,15.0,False,0,Dormant Customers,Dormant Customers
15825,172,1,532.94,1,532.94,False,0,Dormant Customers,Dormant Customers
15826,56,3,1654.31,2,551.4366666666666,False,2,Recent Low-Engagement,Recent Low-Engagement
15827,73,14,1836.0900000000001,10,131.14928571428572,False,4,Regular Buyers,Regular Buyers
15829,99,2,636.14,2,318.07,False,2,Recent Low-Engagement,Recent Low-Engagement
15830,37,1,576.0,1,576.0,False,3,,
15831,58,3,801.76,3,267.25333333333333,False,2,Recent Low-Engagement,Recent Low-Engagement
15832,254,1,836.79,1,836.79,False,0,Dormant Customers,Dormant Customers
15834,70,4,2233.75,3,558.4375,False,4,Regular Buyers,Regular Buyers
15835,44,4,954.09,4,238.5225,False,2,Recent Low-Engagement,Recent Low-Engagement
15836,50,1,137.37,1,137.37,False,3,,
15837,64,1,391.98,1,391.98,False,3,,
15838,11,19,33643.08,10,1770.6884210526316,False,1,High-Value & Active,High-Value & Active
15839,33,3,1048.49,3,349.49666666666667,False,2,Recent Low-Engagement,Recent Low-Engagement
15840,58,2,355.56,2,177.78,False,3,,
15841,72,4,1224.06,3,306.015,False,2,Recent Low-Engagement,Recent Low-Engagement
15843,303,1,118.95000000000002,1,118.95000000000002,False,0,Dormant Customers,Dormant Customers
15844,46,1,130.73999999999998,1,130.73999999999998,False,3,,
15845,17,8,3711.77,7,463.97125,False,4,Regular Buyers,Regular Buyers
15847,38,2,389.27,2,194.635,False,3,,
15850,19,2,238.85,2,119.425,False,3,,
15852,186,2,160.71,2,80.355,False,0,Dormant Customers,Dormant Customers
15853,51,1,110.8,1,110.8,False,3,,
15854,4,12,2974.65,9,247.88750000000002,False,1,High-Value & Active,High-Value & Active
15855,136,5,712.24,5,142.448,False,2,Recent Low-Engagement,Recent Low-Engagement
15856,4,27,16387.57,11,606.947037037037,False,1,High-Value & Active,High-Value & Active
15857,18,1,297.0,1,297.0,False,3,,
15858,15,5,1438.85,5,287.77,False,4,Regular Buyers,Regular Buyers
15860,40,8,977.21,6,122.15125,False,4,Regular Buyers,Regular Buyers
15861,12,8,3165.36,4,395.67,False,4,Regular Buyers,Regular Buyers
15862,8,4,832.88,4,208.22,False,2,Recent Low-Engagement,Recent Low-Engagement
15863,25,2,68.84,2,34.42,False,3,,
15864,22,6,1936.3200000000002,5,322.72,False,4,Regular Buyers,Regular Buyers
15865,40,3,895.13,3,298.37666666666667,False,2,Recent Low-Engagement,Recent Low-Engagement
15866,101,1,230.53,1,230.53,False,3,,
15867,5,15,3812.64,12,254.176,False,1,High-Value & Active,High-Value & Active
15869,277,2,149.64,1,74.82,False,0,Dormant Customers,Dormant Customers
15870,32,1,354.09000000000003,1,354.09000000000003,False,3,,
15872,14,2,360.93,1,180.465,False,3,,
15874,63,7,4405.88,6,629.4114285714286,False,4,Regular Buyers,Regular Buyers
15877,1,2,493.28,2,246.64,False,2,Recent Low-Engagement,Recent Low-Engagement
15880,369,1,343.28000000000003,1,343.28000000000003,False,0,Dormant Customers,Dormant Customers
15881,312,5,501.39000000000004,2,100.278,False,0,Dormant Customers,Dormant Customers
15882,198,4,516.36,2,129.09,False,0,Dormant Customers,Dormant Customers
15883,2,2,396.48,2,198.24,False,3,,
15885,92,3,379.35,2,126.45,False,2,Recent Low-Engagement,Recent Low-Engagement
15886,60,1,181.09,1,181.09,False,3,,
15888,80,1,168.31,1,168.31,False,3,,
15889,156,2,446.87,2,223.435,False,2,Recent Low-Engagement,Recent Low-Engagement
15891,226,1,524.52,1,524.52,False,0,Dormant Customers,Dormant Customers
15894,253,2,263.55,2,131.775,False,0,Dormant Customers,Dormant Customers
15895,149,1,179.17,1,179.17,False,3,,
15897,194,2,222.05,1,111.025,False,0,Dormant Customers,Dormant Customers
15898,1,5,1388.88,4,277.776,False,4,Regular Buyers,Regular Buyers
15899,368,1,56.25,1,56.25,False,0,Dormant Customers,Dormant Customers
15900,23,1,351.11,1,351.11,False,3,,
15901,16,3,363.88,3,121.29333333333334,False,2,Recent Low-Engagement,Recent Low-Engagement
15903,9,7,5126.76,4,732.3942857142857,False,4,Regular Buyers,Regular Buyers
15904,8,1,164.68,1,164.68,False,3,,
15906,19,7,1567.69,5,223.9557142857143,False,4,Regular Buyers,Regular Buyers
15907,3,3,967.45,3,322.48333333333335,False,2,Recent Low-Engagement,Recent Low-Engagement
15909,173,1,191.94,1,191.94,False,0,Dormant Customers,Dormant Customers
15910,0,8,1232.18,8,154.0225,False,4,Regular Buyers,Regular Buyers
15912,178,2,264.62,2,132.31,False,0,Dormant Customers,Dormant Customers
15916,16,8,1528.09,6,191.01125,False,4,Regular Buyers,Regular Buyers
15917,247,1,123.1,1,123.1,False,0,Dormant Customers,Dormant Customers
15918,190,2,334.23,2,167.115,False,0,Dormant Customers,Dormant Customers
15919,19,2,639.89,2,319.945,False,2,Recent Low-Engagement,Recent Low-Engagement
15920,154,4,167.5,1,41.875,False,3,,
15921,172,1,336.03000000000003,1,336.03000000000003,False,0,Dormant Customers,Dormant Customers
15922,373,1,369.5,1,369.5,False,0,Dormant Customers,Dormant Customers
15923,372,1,127.08,1,127.08,False,0,Dormant Customers,Dormant Customers
15925,194,1,207.15,1,207.15,False,0,Dormant Customers,Dormant Customers
15930,67,1,426.63,1,426.63,False,3,,
15932,4,8,2495.87,8,311.98375,False,4,Regular Buyers,Regular Buyers
15933,21,3,1107.46,2,369.15333333333336,False,2,Recent Low-Engagement,Recent Low-Engagement
15935,239,2,416.86,1,208.43,False,0,Dormant Customers,Dormant Customers
15937,64,1,145.35,1,145.35,False,3,,
15938,112,5,404.58,5,80.916,False,2,Recent Low-Engagement,Recent Low-Engagement
15939,89,15,6115.01,9,407.6673333333334,False,1,High-Value & Active,High-Value & Active
15940,311,1,35.8,1,35.8,False,0,Dormant Customers,Dormant Customers
15942,133,1,337.44,1,337.44,False,3,,
15944,276,1,325.1,1,325.1,False,0,Dormant Customers,Dormant Customers
15945,365,1,181.0,1,181.0,False,0,Dormant Customers,Dormant Customers
15947,82,1,1708.24,1,1708.24,False,2,Recent Low-Engagement,Recent Low-Engagement
15948,8,2,955.24,2,477.62,False,2,Recent Low-Engagement,Recent Low-Engagement
15949,16,2,364.72,2,182.36,False,3,,
15950,31,4,1765.51,4,441.3775,False,4,Regular Buyers,Regular Buyers
15951,8,2,708.22,2,354.11,False,2,Recent Low-Engagement,Recent Low-Engagement
15952,33,4,806.57,4,201.6425,False,2,Recent Low-Engagement,Recent Low-Engagement
15953,15,8,1659.3799999999999,6,207.42249999999999,False,4,Regular Buyers,Regular Buyers
15955,24,14,4416.26,7,315.44714285714286,False,1,High-Value & Active,High-Value & Active
15957,31,1,428.89,1,428.89,False,3,,
15958,74,1,104.35,1,104.35,False,3,,
15963,19,2,470.76,2,235.38,False,2,Recent Low-Engagement,Recent Low-Engagement
15965,17,4,845.64,2,211.41,False,2,Recent Low-Engagement,Recent Low-Engagement
15967,23,2,418.83,2,209.415,False,2,Recent Low-Engagement,Recent Low-Engagement
15969,2,3,666.1,3,222.03333333333333,False,2,Recent Low-Engagement,Recent Low-Engagement
15970,303,1,314.1,1,314.1,False,0,Dormant Customers,Dormant Customers
15971,17,12,4199.85,8,349.9875,False,1,High-Value & Active,High-Value & Active
15973,366,1,307.82000000000005,1,307.82000000000005,False,0,Dormant Customers,Dormant Customers
15974,39,7,3442.15,7,491.7357142857143,False,4,Regular Buyers,Regular Buyers
15975,84,1,371.01,1,371.01,False,3,,
15976,165,2,430.94,2,215.47,False,0,Dormant Customers,Dormant Customers
15977,17,2,1054.73,2,527.365,False,2,Recent Low-Engagement,Recent Low-Engagement
15978,77,1,1098.78,1,1098.78,False,2,Recent Low-Engagement,Recent Low-Engagement
15980,88,3,2398.86,2,799.62,False,2,Recent Low-Engagement,Recent Low-Engagement
15981,24,8,3408.48,8,426.06,False,4,Regular Buyers,Regular Buyers
15983,22,4,1475.02,2,368.755,False,4,Regular Buyers,Regular Buyers
15984,2,10,2837.67,8,283.767,False,4,Regular Buyers,Regular Buyers
15985,123,2,1142.42,2,571.21,False,2,Recent Low-Engagement,Recent Low-Engagement
15986,30,1,168.12,1,168.12,False,3,,
15987,12,7,1451.28,5,207.32571428571427,False,4,Regular Buyers,Regular Buyers
15988,19,1,158.03,1,158.03,False,3,,
15990,44,2,792.11,2,396.055,False,2,Recent Low-Engagement,Recent Low-Engagement
15992,3,1,41.989999999999995,1,41.989999999999995,False,3,,
15993,8,7,2797.57,3,399.65285714285716,False,4,Regular Buyers,Regular Buyers
15994,54,1,427.07,1,427.07,False,3,,
15996,88,6,1060.68,6,176.78,False,4,Regular Buyers,Regular Buyers
15998,36,5,3089.97,5,617.9939999999999,False,4,Regular Buyers,Regular Buyers
16000,2,3,12393.7,1,4131.233333333334,False,4,Regular Buyers,Regular Buyers
16003,29,5,2735.37,4,547.074,False,4,Regular Buyers,Regular Buyers
16005,12,4,615.39,3,153.8475,False,2,Recent Low-Engagement,Recent Low-Engagement
16006,211,1,101.4,1,101.4,False,0,Dormant Customers,Dormant Customers
16007,47,4,1701.94,3,425.485,False,4,Regular Buyers,Regular Buyers
16008,23,3,478.78,3,159.59333333333333,False,2,Recent Low-Engagement,Recent Low-Engagement
16009,22,4,992.71,3,248.1775,False,2,Recent Low-Engagement,Recent Low-Engagement
16010,245,3,407.5,2,135.83333333333334,False,0,Dormant Customers,Dormant Customers
16011,8,16,3362.71,11,210.169375,False,1,High-Value & Active,High-Value & Active
16012,35,3,1415.29,3,471.7633333333333,False,2,Recent Low-Engagement,Recent Low-Engagement
16013,3,47,37130.6,13,790.0127659574467,False,1,High-Value & Active,High-Value & Active
16014,37,3,662.38,3,220.79333333333332,False,2,Recent Low-Engagement,Recent Low-Engagement
16015,3,3,705.39,3,235.13,False,2,Recent Low-Engagement,Recent Low-Engagement
16016,3,8,1508.76,6,188.595,False,4,Regular Buyers,Regular Buyers
16017,47,1,211.88,1,211.88,False,3,,
16018,39,2,408.90000000000003,2,204.45000000000002,False,2,Recent Low-Engagement,Recent Low-Engagement
16019,46,9,3786.2400000000002,7,420.6933333333334,False,4,Regular Buyers,Regular Buyers
16020,16,3,851.01,2,283.67,False,2,Recent Low-Engagement,Recent Low-Engagement
16022,260,1,628.28,1,628.28,False,0,Dormant Customers,Dormant Customers
16023,46,3,719.81,3,239.93666666666664,False,2,Recent Low-Engagement,Recent Low-Engagement
16024,12,1,251.24,1,251.24,False,3,,
16025,29,1,439.65999999999997,1,439.65999999999997,False,3,,
16026,43,1,236.09,1,236.09,False,3,,
16027,91,6,934.62,5,155.77,False,4,Regular Buyers,Regular Buyers
16029,38,63,81024.84,12,1286.1085714285714,False,1,High-Value & Active,High-Value & Active
16030,309,1,331.24,1,331.24,False,0,Dormant Customers,Dormant Customers
16031,92,2,548.94,2,274.47,False,2,Recent Low-Engagement,Recent Low-Engagement
16033,5,20,8816.4,13,440.82,False,1,High-Value & Active,High-Value & Active
16034,196,3,437.7,2,145.9,False,0,Dormant Customers,Dormant Customers
16036,87,2,758.92,2,379.46,False,2,Recent Low-Engagement,Recent Low-Engagement
16037,269,3,855.02,3,285.00666666666666,False,0,Dormant Customers,Dormant Customers
16038,7,3,471.78000000000003,3,157.26000000000002,False,2,Recent Low-Engagement,Recent Low-Engagement
16040,65,3,1313.55,3,437.84999999999997,False,2,Recent Low-Engagement,Recent Low-Engagement
16041,30,3,3166.4,2,1055.4666666666667,False,4,Regular Buyers,Regular Buyers
16042,22,5,1197.27,4,239.454,False,4,Regular Buyers,Regular Buyers
16043,37,4,773.99,4,193.4975,False,2,Recent Low-Engagement,Recent Low-Engagement
16045,119,4,1340.7,4,335.175,False,2,Recent Low-Engagement,Recent Low-Engagement
16048,373,2,256.44,1,128.22,False,0,Dormant Customers,Dormant Customers
16049,40,3,1111.79,2,370.59666666666664,False,2,Recent Low-Engagement,Recent Low-Engagement
16050,173,1,137.9,1,137.9,False,0,Dormant Customers,Dormant Customers
16052,54,1,362.06,1,362.06,False,3,,
16053,32,2,1511.95,2,755.975,False,2,Recent Low-Engagement,Recent Low-Engagement
16054,145,1,783.9,1,783.9,False,2,Recent Low-Engagement,Recent Low-Engagement
16055,220,1,134.8,1,134.8,False,0,Dormant Customers,Dormant Customers
16056,45,1,664.85,1,664.85,False,3,,
16057,16,7,2263.12,4,323.30285714285714,False,4,Regular Buyers,Regular Buyers
16059,65,6,1459.8600000000001,6,243.31000000000003,False,4,Regular Buyers,Regular Buyers
16062,9,4,1153.62,4,288.405,False,4,Regular Buyers,Regular Buyers
16063,260,1,335.32,1,335.32,False,0,Dormant Customers,Dormant Customers
16065,365,1,372.09,1,372.09,False,0,Dormant Customers,Dormant Customers
16066,16,5,1521.87,3,304.37399999999997,False,4,Regular Buyers,Regular Buyers
16070,22,2,852.15,1,426.075,False,2,Recent Low-Engagement,Recent Low-Engagement
16071,44,1,326.24,1,326.24,False,3,,
16072,288,1,584.3199999999999,1,584.3199999999999,False,0,Dormant Customers,Dormant Customers
16073,297,1,122.39999999999999,1,122.39999999999999,False,0,Dormant Customers,Dormant Customers
16076,3,10,2234.73,7,223.473,False,4,Regular Buyers,Regular Buyers
16078,283,1,79.2,1,79.2,False,0,Dormant Customers,Dormant Customers
16079,16,3,1352.0,2,450.6666666666667,False,2,Recent Low-Engagement,Recent Low-Engagement
16080,81,2,217.16,2,108.58,False,3,,
16081,56,5,2806.9,5,561.38,False,4,Regular Buyers,Regular Buyers
16083,100,2,1317.62,2,658.81,False,2,Recent Low-Engagement,Recent Low-Engagement
16084,299,1,436.18,1,436.18,False,0,Dormant Customers,Dormant Customers
16085,23,5,981.51,5,196.302,False,4,Regular Buyers,Regular Buyers
16086,59,5,1121.39,5,224.27800000000002,False,4,Regular Buyers,Regular Buyers
16091,154,2,315.06,2,157.53,False,3,,
16092,114,3,817.86,3,272.62,False,2,Recent Low-Engagement,Recent Low-Engagement
16093,106,1,17.0,1,17.0,False,3,,
16094,11,4,1078.23,2,269.5575,False,2,Recent Low-Engagement,Recent Low-Engagement
16096,264,1,320.62,1,320.62,False,0,Dormant Customers,Dormant Customers
16097,240,1,185.04999999999998,1,185.04999999999998,False,0,Dormant Customers,Dormant Customers
16098,87,7,2005.63,7,286.5185714285714,False,4,Regular Buyers,Regular Buyers
16099,50,3,731.9,3,243.96666666666667,False,2,Recent Low-Engagement,Recent Low-Engagement
16101,70,1,1290.7,1,1290.7,False,2,Recent Low-Engagement,Recent Low-Engagement
16102,42,3,1842.14,3,614.0466666666667,False,2,Recent Low-Engagement,Recent Low-Engagement
16103,7,6,1429.64,5,238.27333333333334,False,4,Regular Buyers,Regular Buyers
16104,61,1,302.36,1,302.36,False,3,,
16105,248,1,336.96,1,336.96,False,0,Dormant Customers,Dormant Customers
16106,65,1,108.38,1,108.38,False,3,,
16107,17,7,3204.1600000000003,6,457.7371428571429,False,4,Regular Buyers,Regular Buyers
16108,84,1,842.5,1,842.5,False,2,Recent Low-Engagement,Recent Low-Engagement
16109,218,2,611.88,2,305.94,False,0,Dormant Customers,Dormant Customers
16110,45,3,1337.48,3,445.82666666666665,False,2,Recent Low-Engagement,Recent Low-Engagement
16112,143,4,195.73999999999998,2,48.934999999999995,False,3,,
16113,183,1,161.38,1,161.38,False,0,Dormant Customers,Dormant Customers
16114,170,1,135.75000000000003,1,135.75000000000003,False,0,Dormant Customers,Dormant Customers
16115,9,8,1667.97,8,208.49625,False,4,Regular Buyers,Regular Buyers
16116,211,1,612.78,1,612.78,False,0,Dormant Customers,Dormant Customers
16117,189,1,232.21,1,232.21,False,0,Dormant Customers,Dormant Customers
16119,8,2,423.36,2,211.68,False,2,Recent Low-Engagement,Recent Low-Engagement
16120,59,4,1309.14,1,327.285,False,2,Recent Low-Engagement,Recent Low-Engagement
16121,57,2,867.11,2,433.555,False,2,Recent Low-Engagement,Recent Low-Engagement
16122,73,4,684.4200000000001,4,171.10500000000002,False,2,Recent Low-Engagement,Recent Low-Engagement
16123,51,1,307.78,1,307.78,False,3,,
16124,317,1,249.0,1,249.0,False,0,Dormant Customers,Dormant Customers
16125,367,1,289.35,1,289.35,False,0,Dormant Customers,Dormant Customers
16126,29,4,6287.77,4,1571.9425,False,4,Regular Buyers,Regular Buyers
16127,39,1,656.25,1,656.25,False,3,,
16128,17,5,1880.22,4,376.044,False,4,Regular Buyers,Regular Buyers
16131,51,6,3506.54,4,584.4233333333333,False,4,Regular Buyers,Regular Buyers
16133,3,33,14589.04,11,442.09212121212124,False,1,High-Value & Active,High-Value & Active
16134,21,2,618.09,2,309.045,False,2,Recent Low-Engagement,Recent Low-Engagement
16135,262,1,517.55,1,517.55,False,0,Dormant Customers,Dormant Customers
16136,59,3,709.38,3,236.46,False,2,Recent Low-Engagement,Recent Low-Engagement
16139,18,3,635.41,3,211.8033333333333,False,2,Recent Low-Engagement,Recent Low-Engagement
16140,65,2,725.18,2,362.59,False,2,Recent Low-Engagement,Recent Low-Engagement
16141,88,1,620.4,1,620.4,False,3,,
16142,249,1,535.34,1,535.34,False,0,Dormant Customers,Dormant Customers
16143,3,6,2424.94,5,404.1566666666667,False,4,Regular Buyers,Regular Buyers
16144,246,1,175.2,1,175.2,False,0,Dormant Customers,Dormant Customers
16145,8,11,3799.4900000000002,10,345.40818181818184,False,1,High-Value & Active,High-Value & Active
16146,157,3,734.13,3,244.71,False,2,Recent Low-Engagement,Recent Low-Engagement
16147,133,1,375.0,1,375.0,False,3,,
16148,296,1,76.32000000000001,1,76.32000000000001,False,0,Dormant Customers,Dormant Customers
16149,4,2,280.52,2,140.26,False,3,,
16150,42,5,2053.02,5,410.604,False,4,Regular Buyers,Regular Buyers
16152,268,1,1829.04,1,1829.04,False,0,Dormant Customers,Dormant Customers
16153,49,5,1824.23,5,364.846,False,4,Regular Buyers,Regular Buyers
16156,8,9,3122.04,8,346.8933333333333,False,4,Regular Buyers,Regular Buyers
16157,15,3,656.69,2,218.89666666666668,False,2,Recent Low-Engagement,Recent Low-Engagement
16159,281,1,348.2,1,348.2,False,0,Dormant Customers,Dormant Customers
16160,65,2,1025.44,2,512.72,False,2,Recent Low-Engagement,Recent Low-Engagement
16161,1,19,5575.56,11,293.4505263157895,False,1,High-Value & Active,High-Value & Active
16162,252,1,37.4,1,37.4,False,0,Dormant Customers,Dormant Customers
16163,232,2,856.6,2,428.3,False,0,Dormant Customers,Dormant Customers
16164,17,3,822.48,2,274.16,False,2,Recent Low-Engagement,Recent Low-Engagement
16168,10,27,3787.6,11,140.28148148148148,False,1,High-Value & Active,High-Value & Active
16169,8,4,1822.97,4,455.7425,False,4,Regular Buyers,Regular Buyers
16170,50,6,1885.05,5,314.175,False,4,Regular Buyers,Regular Buyers
16171,59,1,73.2,1,73.2,False,3,,
16172,95,5,1140.21,4,228.042,False,4,Regular Buyers,Regular Buyers
16173,15,6,1418.32,3,236.38666666666666,False,4,Regular Buyers,Regular Buyers
16174,126,3,1009.5500000000001,2,336.5166666666667,False,2,Recent Low-Engagement,Recent Low-Engagement
16175,94,4,1037.59,4,259.3975,False,2,Recent Low-Engagement,Recent Low-Engagement
16177,50,1,331.95,1,331.95,False,3,,
16178,138,1,197.9,1,197.9,False,3,,
16179,60,1,215.83,1,215.83,False,3,,
16180,100,8,10254.18,5,1281.7725,False,1,High-Value & Active,High-Value & Active
16181,73,1,305.54,1,305.54,False,3,,
16182,72,4,6617.65,4,1654.4125,False,4,Regular Buyers,Regular Buyers
16183,67,1,338.71000000000004,1,338.71000000000004,False,3,,
16184,64,6,1158.79,5,193.13166666666666,False,4,Regular Buyers,Regular Buyers
16185,16,2,529.41,2,264.705,False,2,Recent Low-Engagement,Recent Low-Engagement
16186,22,12,4006.94,8,333.9116666666667,False,1,High-Value & Active,High-Value & Active
16187,31,15,6911.4400000000005,8,460.7626666666667,False,1,High-Value & Active,High-Value & Active
16188,44,4,981.86,3,245.465,False,2,Recent Low-Engagement,Recent Low-Engagement
16189,15,2,215.48,2,107.74,False,3,,
16190,40,1,215.08,1,215.08,False,3,,
16191,2,13,5180.52,7,398.5015384615385,False,1,High-Value & Active,High-Value & Active
16193,236,1,314.45,1,314.45,False,0,Dormant Customers,Dormant Customers
16198,75,1,400.68100000000004,1,400.68100000000004,False,3,,
16200,4,2,1080.6200000000001,2,540.3100000000001,False,2,Recent Low-Engagement,Recent Low-Engagement
16201,3,4,1863.47,4,465.8675,False,4,Regular Buyers,Regular Buyers
16202,360,1,365.27,1,365.27,False,0,Dormant Customers,Dormant Customers
16203,58,4,592.9,4,148.225,False,2,Recent Low-Engagement,Recent Low-Engagement
16204,23,1,405.71,1,405.71,False,3,,
16205,30,4,761.38,3,190.345,False,2,Recent Low-Engagement,Recent Low-Engagement
16206,54,4,537.0600000000001,4,134.26500000000001,False,2,Recent Low-Engagement,Recent Low-Engagement
16207,25,1,394.38,1,394.38,False,3,,
16208,44,2,664.26,2,332.13,False,2,Recent Low-Engagement,Recent Low-Engagement
16209,88,5,2262.62,4,452.524,False,4,Regular Buyers,Regular Buyers
16210,1,18,21086.3,9,1171.461111111111,False,1,High-Value & Active,High-Value & Active
16211,88,1,547.02,1,547.02,False,3,,
16212,19,2,690.34,2,345.17,False,2,Recent Low-Engagement,Recent Low-Engagement
16213,78,1,159.0,1,159.0,False,3,,
16214,170,3,1062.75,3,354.25,False,2,Recent Low-Engagement,Recent Low-Engagement
16215,80,1,242.35,1,242.35,False,3,,
16216,267,1,914.9300000000001,1,914.9300000000001,False,0,Dormant Customers,Dormant Customers
16217,235,2,304.25,2,152.125,False,0,Dormant Customers,Dormant Customers
16218,29,7,3084.68,6,440.6685714285714,False,4,Regular Buyers,Regular Buyers
16221,36,3,864.86,3,288.2866666666667,False,2,Recent Low-Engagement,Recent Low-Engagement
16222,318,1,846.72,1,846.72,False,0,Dormant Customers,Dormant Customers
16224,57,4,1295.3,3,323.825,False,2,Recent Low-Engagement,Recent Low-Engagement
16225,44,5,1096.32,4,219.26399999999998,False,4,Regular Buyers,Regular Buyers
16226,203,3,255.12,2,85.04,False,0,Dormant Customers,Dormant Customers
16227,225,1,314.22,1,314.22,False,0,Dormant Customers,Dormant Customers
16229,87,2,1010.6,2,505.3,False,2,Recent Low-Engagement,Recent Low-Engagement
16230,189,2,542.03,2,271.015,False,0,Dormant Customers,Dormant Customers
16232,43,4,990.88,3,247.72,False,2,Recent Low-Engagement,Recent Low-Engagement
16233,71,3,536.6800000000001,3,178.89333333333335,False,2,Recent Low-Engagement,Recent Low-Engagement
16235,40,5,867.31,5,173.462,False,4,Regular Buyers,Regular Buyers
16236,78,1,432.2,1,432.2,False,3,,
16239,56,2,414.2,2,207.1,False,2,Recent Low-Engagement,Recent Low-Engagement
16240,24,2,3718.8,2,1859.4,False,2,Recent Low-Engagement,Recent Low-Engagement
16241,9,13,2607.87,10,200.6053846153846,False,1,High-Value & Active,High-Value & Active
16242,8,7,3603.21,6,514.7442857142858,False,4,Regular Buyers,Regular Buyers
16243,33,2,409.1,2,204.55,False,2,Recent Low-Engagement,Recent Low-Engagement
16244,211,2,1522.75,2,761.375,False,0,Dormant Customers,Dormant Customers
16245,23,3,1413.66,3,471.22,False,2,Recent Low-Engagement,Recent Low-Engagement
16247,170,1,114.56,1,114.56,False,0,Dormant Customers,Dormant Customers
16248,61,1,152.94,1,152.94,False,3,,
16249,52,5,1800.07,5,360.014,False,4,Regular Buyers,Regular Buyers
16250,261,2,389.44,2,194.72,False,0,Dormant Customers,Dormant Customers
16253,66,2,3683.86,2,1841.93,False,2,Recent Low-Engagement,Recent Low-Engagement
16255,16,8,2619.91,7,327.48875,False,4,Regular Buyers,Regular Buyers
16256,266,1,752.4300000000001,1,752.4300000000001,False,0,Dormant Customers,Dormant Customers
16257,176,1,46.95,1,46.95,False,0,Dormant Customers,Dormant Customers
16258,45,5,5203.51,5,1040.702,False,4,Regular Buyers,Regular Buyers
16260,50,1,1035.45,1,1035.45,False,2,Recent Low-Engagement,Recent Low-Engagement
16261,17,4,746.83,4,186.7075,False,2,Recent Low-Engagement,Recent Low-Engagement
16265,9,9,5447.0,7,605.2222222222222,False,4,Regular Buyers,Regular Buyers
16266,73,7,861.89,5,123.12714285714286,False,4,Regular Buyers,Regular Buyers
16268,71,2,667.65,1,333.825,False,2,Recent Low-Engagement,Recent Low-Engagement
16270,353,1,1141.24,1,1141.24,False,0,Dormant Customers,Dormant Customers
16271,2,5,1429.24,5,285.848,False,4,Regular Buyers,Regular Buyers
16272,116,1,411.7,1,411.7,False,3,,
16274,373,1,357.95,1,357.95,False,0,Dormant Customers,Dormant Customers
16275,196,1,559.87,1,559.87,False,0,Dormant Customers,Dormant Customers
16276,176,1,810.6000000000001,1,810.6000000000001,False,0,Dormant Customers,Dormant Customers
16278,100,1,566.38,1,566.38,False,3,,
16279,21,3,1509.58,3,503.1933333333333,False,2,Recent Low-Engagement,Recent Low-Engagement
16281,72,1,2062.06,1,2062.06,False,2,Recent Low-Engagement,Recent Low-Engagement
16282,339,1,168.3,1,168.3,False,0,Dormant Customers,Dormant Customers
16283,5,5,1570.81,5,314.162,False,4,Regular Buyers,Regular Buyers
16284,31,2,823.97,2,411.985,False,2,Recent Low-Engagement,Recent Low-Engagement
16287,169,1,142.5,1,142.5,False,0,Dormant Customers,Dormant Customers
16292,121,1,302.25,1,302.25,False,3,,
16293,21,10,2248.9900000000002,6,224.89900000000003,False,4,Regular Buyers,Regular Buyers
16295,9,4,1328.55,2,332.1375,False,4,Regular Buyers,Regular Buyers
16297,268,1,301.9,1,301.9,False,0,Dormant Customers,Dormant Customers
16298,22,3,598.2,3,199.4,False,2,Recent Low-Engagement,Recent Low-Engagement
16302,126,1,233.22,1,233.22,False,3,,
16303,25,3,5360.63,3,1786.8766666666668,False,4,Regular Buyers,Regular Buyers
16305,138,1,361.21999999999997,1,361.21999999999997,False,3,,
16306,213,6,632.27,4,105.37833333333333,False,2,Recent Low-Engagement,Recent Low-Engagement
16308,37,4,2560.0,4,640.0,False,4,Regular Buyers,Regular Buyers
16309,106,2,706.57,2,353.285,False,2,Recent Low-Engagement,Recent Low-Engagement
16311,17,2,616.26,2,308.13,False,2,Recent Low-Engagement,Recent Low-Engagement
16313,3,2,274.15000000000003,2,137.07500000000002,False,3,,
16315,330,1,226.37,1,226.37,False,0,Dormant Customers,Dormant Customers
16316,64,8,2938.91,6,367.36375,False,4,Regular Buyers,Regular Buyers
16317,119,3,1341.65,3,447.2166666666667,False,2,Recent Low-Engagement,Recent Low-Engagement
16318,35,1,328.15,1,328.15,False,3,,
16319,217,1,404.40000000000003,1,404.40000000000003,False,0,Dormant Customers,Dormant Customers
16320,172,2,1038.46,2,519.23,False,2,Recent Low-Engagement,Recent Low-Engagement
16321,72,5,373.65000000000003,3,74.73,False,2,Recent Low-Engagement,Recent Low-Engagement
16322,1,2,326.75,2,163.375,False,3,,
16323,196,1,207.50000000000003,1,207.50000000000003,False,0,Dormant Customers,Dormant Customers
16324,128,3,428.68,2,142.89333333333335,False,2,Recent Low-Engagement,Recent Low-Engagement
16325,46,3,594.24,3,198.08,False,2,Recent Low-Engagement,Recent Low-Engagement
16326,5,14,3110.96,9,222.21142857142857,False,1,High-Value & Active,High-Value & Active
16327,14,6,3844.22,6,640.7033333333333,False,4,Regular Buyers,Regular Buyers
16330,17,3,251.91,2,83.97,False,3,,
16332,28,7,1593.2,6,227.6,False,4,Regular Buyers,Regular Buyers
16333,7,22,26626.8,9,1210.3090909090909,False,1,High-Value & Active,High-Value & Active
16337,36,1,151.05,1,151.05,False,3,,
16338,157,1,214.79999999999998,1,214.79999999999998,False,3,,
16339,284,1,109.95,1,109.95,False,0,Dormant Customers,Dormant Customers
16340,107,1,549.07,1,549.07,False,3,,
16341,24,4,1971.87,3,492.9675,False,4,Regular Buyers,Regular Buyers
16342,75,4,322.41,4,80.6025,False,2,Recent Low-Engagement,Recent Low-Engagement
16343,16,2,370.47999999999996,1,185.23999999999998,False,3,,
16344,158,1,101.10000000000001,1,101.10000000000001,False,3,,
16345,44,1,575.41,1,575.41,False,3,,
16347,11,2,887.65,1,443.825,False,2,Recent Low-Engagement,Recent Low-Engagement
16348,32,7,1469.45,5,209.92142857142858,False,4,Regular Buyers,Regular Buyers
16349,290,1,53.5,1,53.5,False,0,Dormant Customers,Dormant Customers
16350,21,4,1116.47,4,279.1175,False,2,Recent Low-Engagement,Recent Low-Engagement
16351,332,1,153.9,1,153.9,False,0,Dormant Customers,Dormant Customers
16352,17,2,494.44,1,247.22,False,2,Recent Low-Engagement,Recent Low-Engagement
16353,3,23,6675.71,11,290.24826086956523,False,1,High-Value & Active,High-Value & Active
16354,63,2,395.8,2,197.9,False,3,,
16356,197,3,211.77,3,70.59,False,0,Dormant Customers,Dormant Customers
16357,33,3,658.88,3,219.62666666666667,False,2,Recent Low-Engagement,Recent Low-Engagement
16358,1,4,2027.5,4,506.875,False,4,Regular Buyers,Regular Buyers
16359,7,9,1750.92,9,194.54666666666668,False,4,Regular Buyers,Regular Buyers
16360,4,6,3512.53,4,585.4216666666667,False,4,Regular Buyers,Regular Buyers
16361,9,4,896.66,3,224.165,False,2,Recent Low-Engagement,Recent Low-Engagement
16362,32,5,734.77,3,146.954,False,2,Recent Low-Engagement,Recent Low-Engagement
16363,53,1,109.36000000000001,1,109.36000000000001,False,3,,
16364,11,2,707.04,2,353.52,False,2,Recent Low-Engagement,Recent Low-Engagement
16365,17,9,1540.42,5,171.1577777777778,False,4,Regular Buyers,Regular Buyers
16366,18,1,327.3,1,327.3,False,3,,
16367,37,2,804.49,2,402.245,False,2,Recent Low-Engagement,Recent Low-Engagement
16368,2,2,497.43,2,248.715,False,2,Recent Low-Engagement,Recent Low-Engagement
16369,18,3,1553.66,3,517.8866666666667,False,2,Recent Low-Engagement,Recent Low-Engagement
16370,82,4,1320.56,4,330.14,False,2,Recent Low-Engagement,Recent Low-Engagement
16372,33,2,367.93,1,183.965,False,3,,
16374,66,2,473.03000000000003,2,236.51500000000001,False,2,Recent Low-Engagement,Recent Low-Engagement
16376,8,2,987.01,2,493.505,False,2,Recent Low-Engagement,Recent Low-Engagement
16377,267,1,676.2,1,676.2,False,0,Dormant Customers,Dormant Customers
16378,247,3,362.95,2,120.98333333333333,False,0,Dormant Customers,Dormant Customers
16379,4,4,2157.4,3,539.35,False,4,Regular Buyers,Regular Buyers
16380,61,1,1780.59,1,1780.59,False,2,Recent Low-Engagement,Recent Low-Engagement
16383,74,2,668.36,2,334.18,False,2,Recent Low-Engagement,Recent Low-Engagement
16384,89,2,584.5,2,292.25,False,2,Recent Low-Engagement,Recent Low-Engagement
16385,60,3,555.89,3,185.29666666666665,False,2,Recent Low-Engagement,Recent Low-Engagement
16386,28,2,317.2,2,158.6,False,3,,
16387,322,1,94.36,1,94.36,False,0,Dormant Customers,Dormant Customers
16389,53,4,1382.07,4,345.5175,False,4,Regular Buyers,Regular Buyers
16392,269,1,221.19,1,221.19,False,0,Dormant Customers,Dormant Customers
16393,2,13,3046.21,10,234.32384615384615,False,1,High-Value & Active,High-Value & Active
16394,56,5,1555.34,5,311.068,False,4,Regular Buyers,Regular Buyers
16395,60,5,1486.9,4,297.38,False,4,Regular Buyers,Regular Buyers
16398,154,2,1705.8,2,852.9,False,2,Recent Low-Engagement,Recent Low-Engagement
16399,19,2,408.57,2,204.285,False,2,Recent Low-Engagement,Recent Low-Engagement
16400,94,1,303.93,1,303.93,False,3,,
16401,1,12,4098.32,10,341.52666666666664,False,1,High-Value & Active,High-Value & Active
16402,264,2,299.6,2,149.8,False,0,Dormant Customers,Dormant Customers
16403,312,1,177.5,1,177.5,False,0,Dormant Customers,Dormant Customers
16404,70,1,443.05,1,443.05,False,3,,
16405,302,2,167.25,1,83.625,False,0,Dormant Customers,Dormant Customers
16406,18,1,163.07,1,163.07,False,3,,
16407,12,10,2126.93,8,212.69299999999998,False,4,Regular Buyers,Regular Buyers
16409,36,5,2028.88,5,405.776,False,4,Regular Buyers,Regular Buyers
16411,19,2,214.65,2,107.325,False,3,,
16412,53,1,151.83,1,151.83,False,3,,
16413,56,1,262.2,1,262.2,False,3,,
16414,21,2,126.25,2,63.125,False,3,,
16415,44,1,210.35,1,210.35,False,3,,
16416,26,3,1051.4,2,350.4666666666667,False,2,Recent Low-Engagement,Recent Low-Engagement
16418,44,3,675.27,3,225.09,False,2,Recent Low-Engagement,Recent Low-Engagement
16419,112,6,972.23,4,162.03833333333333,False,4,Regular Buyers,Regular Buyers
16422,17,51,34684.4,12,680.086274509804,False,1,High-Value & Active,High-Value & Active
16423,24,1,346.12,1,346.12,False,3,,
16424,191,1,133.56,1,133.56,False,0,Dormant Customers,Dormant Customers
16425,302,1,302.7,1,302.7,False,0,Dormant Customers,Dormant Customers
16426,2,10,1908.25,5,190.825,False,4,Regular Buyers,Regular Buyers
16427,263,2,241.06,2,120.53,False,0,Dormant Customers,Dormant Customers
16429,106,1,284.55,1,284.55,False,3,,
16430,57,1,300.85,1,300.85,False,3,,
16431,213,3,642.81,2,214.26999999999998,False,0,Dormant Customers,Dormant Customers
16432,64,1,287.4,1,287.4,False,3,,
16433,28,1,184.26,1,184.26,False,3,,
16434,29,7,1522.25,6,217.46428571428572,False,4,Regular Buyers,Regular Buyers
16438,5,5,798.35,4,159.67000000000002,False,4,Regular Buyers,Regular Buyers
16440,7,5,3640.67,4,728.134,False,4,Regular Buyers,Regular Buyers
16441,67,2,381.2,2,190.6,False,3,,
16442,1,3,616.79,3,205.59666666666666,False,2,Recent Low-Engagement,Recent Low-Engagement
16444,46,4,654.67,4,163.6675,False,2,Recent Low-Engagement,Recent Low-Engagement
16445,33,1,230.51,1,230.51,False,3,,
16446,0,2,168472.5,2,84236.25,False,1,High-Value & Active,High-Value & Active
16447,135,1,259.01,1,259.01,False,3,,
16448,198,1,188.89000000000001,1,188.89000000000001,False,0,Dormant Customers,Dormant Customers
16449,197,2,707.69,2,353.845,False,0,Dormant Customers,Dormant Customers
16450,149,1,311.92,1,311.92,False,3,,
16451,87,1,266.97,1,266.97,False,3,,
16454,44,2,6.9,1,3.45,False,3,,
16455,63,7,1841.18,5,263.0257142857143,False,4,Regular Buyers,Regular Buyers
16456,99,5,2158.37,5,431.674,False,4,Regular Buyers,Regular Buyers
16457,218,1,208.36,1,208.36,False,0,Dormant Customers,Dormant Customers
16458,2,18,3482.7400000000002,12,193.48555555555558,False,1,High-Value & Active,High-Value & Active
16460,28,3,814.72,2,271.5733333333333,False,2,Recent Low-Engagement,Recent Low-Engagement
16461,177,1,151.42,1,151.42,False,0,Dormant Customers,Dormant Customers
16462,73,3,136.0,3,45.333333333333336,False,3,,
16463,21,4,1422.4,3,355.6,False,4,Regular Buyers,Regular Buyers
16464,19,3,1314.68,3,438.2266666666667,False,2,Recent Low-Engagement,Recent Low-Engagement
16466,33,7,1603.46,6,229.06571428571428,False,4,Regular Buyers,Regular Buyers
16468,74,1,74.9,1,74.9,False,3,,
16469,23,4,650.43,3,162.6075,False,2,Recent Low-Engagement,Recent Low-Engagement
16470,51,4,762.39,4,190.5975,False,2,Recent Low-Engagement,Recent Low-Engagement
16471,274,1,223.95000000000002,1,223.95000000000002,False,0,Dormant Customers,Dormant Customers
16473,164,3,316.11,3,105.37,False,0,Dormant Customers,Dormant Customers
16474,7,7,1871.5,5,267.35714285714283,False,4,Regular Buyers,Regular Buyers
16475,88,4,544.3,4,136.075,False,2,Recent Low-Engagement,Recent Low-Engagement
16477,63,7,2494.46,6,356.3514285714286,False,4,Regular Buyers,Regular Buyers
16478,25,3,331.0,2,110.33333333333333,False,2,Recent Low-Engagement,Recent Low-Engagement
16479,10,2,300.83,1,150.415,False,3,,
16480,75,1,769.29,1,769.29,False,2,Recent Low-Engagement,Recent Low-Engagement
16482,15,1,220.62,1,220.62,False,3,,
16483,192,1,139.35,1,139.35,False,0,Dormant Customers,Dormant Customers
16484,173,2,404.3,1,202.15,False,0,Dormant Customers,Dormant Customers
16485,77,1,363.65,1,363.65,False,3,,
16488,33,3,498.8,3,166.26666666666668,False,2,Recent Low-Engagement,Recent Low-Engagement
16491,46,1,731.5,1,731.5,False,2,Recent Low-Engagement,Recent Low-Engagement
16493,79,4,1351.63,4,337.9075,False,2,Recent Low-Engagement,Recent Low-Engagement
16494,296,1,826.53,1,826.53,False,0,Dormant Customers,Dormant Customers
16495,3,3,684.41,2,228.13666666666666,False,2,Recent Low-Engagement,Recent Low-Engagement
16496,8,3,1599.52,3,533.1733333333333,False,2,Recent Low-Engagement,Recent Low-Engagement
16497,49,6,2965.69,4,494.2816666666667,False,4,Regular Buyers,Regular Buyers
16498,161,2,100.97,2,50.485,False,3,,
16499,360,2,365.45,1,182.725,False,0,Dormant Customers,Dormant Customers
16500,4,6,400.86,3,66.81,False,2,Recent Low-Engagement,Recent Low-Engagement
16503,106,4,1431.93,4,357.9825,False,2,Recent Low-Engagement,Recent Low-Engagement
16504,25,1,484.38,1,484.38,False,3,,
16505,31,1,777.6,1,777.6,False,2,Recent Low-Engagement,Recent Low-Engagement
16506,19,2,90.30000000000001,2,45.150000000000006,False,3,,
16509,296,1,363.7,1,363.7,False,0,Dormant Customers,Dormant Customers
16510,372,1,248.1,1,248.1,False,0,Dormant Customers,Dormant Customers
16511,21,3,950.26,3,316.75333333333333,False,2,Recent Low-Engagement,Recent Low-Engagement
16513,4,4,874.59,3,218.6475,False,2,Recent Low-Engagement,Recent Low-Engagement
16515,52,5,1627.13,5,325.42600000000004,False,4,Regular Buyers,Regular Buyers
16516,30,1,101.69999999999999,1,101.69999999999999,False,3,,
16517,277,1,162.7,1,162.7,False,0,Dormant Customers,Dormant Customers
16518,61,2,484.32,2,242.16,False,2,Recent Low-Engagement,Recent Low-Engagement
16519,25,2,215.07999999999998,2,107.53999999999999,False,3,,
16520,186,3,1046.57,3,348.8566666666666,False,2,Recent Low-Engagement,Recent Low-Engagement
16523,1,21,9418.470000000001,11,448.4985714285715,False,1,High-Value & Active,High-Value & Active
16525,2,26,13027.45,12,501.0557692307693,False,1,High-Value & Active,High-Value & Active
16526,171,1,290.36,1,290.36,False,0,Dormant Customers,Dormant Customers
16527,81,1,228.06,1,228.06,False,3,,
16528,3,1,244.41,1,244.41,False,3,,
16529,190,1,455.25,1,455.25,False,0,Dormant Customers,Dormant Customers
16531,22,7,1244.59,6,177.79857142857142,False,4,Regular Buyers,Regular Buyers
16532,17,3,6748.8,3,2249.6,False,4,Regular Buyers,Regular Buyers
16533,19,3,1095.56,2,365.18666666666667,False,2,Recent Low-Engagement,Recent Low-Engagement
16535,5,1,593.75,1,593.75,False,3,,
16536,110,1,548.97,1,548.97,False,3,,
16539,2,4,1388.81,3,347.2025,False,4,Regular Buyers,Regular Buyers
16542,53,1,119.62,1,119.62,False,3,,
16545,164,1,339.3,1,339.3,False,0,Dormant Customers,Dormant Customers
16546,290,2,787.15,2,393.575,False,0,Dormant Customers,Dormant Customers
16549,10,10,4154.64,5,415.46400000000006,False,4,Regular Buyers,Regular Buyers
16550,108,5,2298.97,4,459.794,False,4,Regular Buyers,Regular Buyers
16551,95,3,922.12,3,307.37333333333333,False,2,Recent Low-Engagement,Recent Low-Engagement
16552,242,2,379.73,2,189.865,False,0,Dormant Customers,Dormant Customers
16553,163,12,5719.82,6,476.65166666666664,False,1,High-Value & Active,High-Value & Active
16554,42,3,837.1,3,279.03333333333336,False,2,Recent Low-Engagement,Recent Low-Engagement
16555,35,2,285.89,2,142.945,False,3,,
16556,66,7,3313.79,7,473.3985714285714,False,4,Regular Buyers,Regular Buyers
16557,24,2,281.85,2,140.925,False,3,,
16558,0,20,8338.49,13,416.92449999999997,False,1,High-Value & Active,High-Value & Active
16560,26,2,841.41,2,420.705,False,2,Recent Low-Engagement,Recent Low-Engagement
16561,5,2,511.12,2,255.56,False,2,Recent Low-Engagement,Recent Low-Engagement
16563,53,1,1077.74,1,1077.74,False,2,Recent Low-Engagement,Recent Low-Engagement
16565,364,1,173.7,1,173.7,False,0,Dormant Customers,Dormant Customers
16566,15,5,614.66,5,122.93199999999999,False,2,Recent Low-Engagement,Recent Low-Engagement
16567,194,2,865.6,2,432.8,False,0,Dormant Customers,Dormant Customers
16569,3,1,124.2,1,124.2,False,3,,
16570,15,10,3738.4,7,373.84000000000003,False,4,Regular Buyers,Regular Buyers
16571,26,3,1421.69,3,473.8966666666667,False,2,Recent Low-Engagement,Recent Low-Engagement
16572,127,3,1009.6,3,336.53333333333336,False,2,Recent Low-Engagement,Recent Low-Engagement
16573,84,2,663.61,2,331.805,False,2,Recent Low-Engagement,Recent Low-Engagement
16574,71,1,451.44,1,451.44,False,3,,
16581,182,1,105.84,1,105.84,False,0,Dormant Customers,Dormant Customers
16582,113,1,313.62,1,313.62,False,3,,
16583,373,1,233.45,1,233.45,False,0,Dormant Customers,Dormant Customers
16584,80,2,936.08,2,468.04,False,2,Recent Low-Engagement,Recent Low-Engagement
16586,248,1,463.95,1,463.95,False,0,Dormant Customers,Dormant Customers
16587,232,1,225.15,1,225.15,False,0,Dormant Customers,Dormant Customers
16589,71,3,459.24,3,153.08,False,2,Recent Low-Engagement,Recent Low-Engagement
16591,68,1,213.5,1,213.5,False,3,,
16592,4,16,4113.68,8,257.105,False,1,High-Value & Active,High-Value & Active
16593,50,3,330.03,3,110.00999999999999,False,2,Recent Low-Engagement,Recent Low-Engagement
16594,75,1,181.09,1,181.09,False,3,,
16595,61,1,360.16,1,360.16,False,3,,
16596,15,2,250.15,2,125.075,False,3,,
16597,4,1,90.04,1,90.04,False,3,,
16598,285,1,145.04999999999998,1,145.04999999999998,False,0,Dormant Customers,Dormant Customers
16600,4,6,813.52,5,135.58666666666667,False,4,Regular Buyers,Regular Buyers
16601,40,1,244.79999999999998,1,244.79999999999998,False,3,,
16602,36,1,528.08,1,528.08,False,3,,
16603,74,2,482.47,1,241.235,False,2,Recent Low-Engagement,Recent Low-Engagement
16607,17,14,3347.71,10,239.12214285714285,False,1,High-Value & Active,High-Value & Active
16609,15,7,5493.46,5,784.78,False,4,Regular Buyers,Regular Buyers
16610,219,1,75.66,1,75.66,False,0,Dormant Customers,Dormant Customers
16611,186,1,129.49,1,129.49,False,0,Dormant Customers,Dormant Customers
16612,32,4,1187.66,4,296.915,False,2,Recent Low-Engagement,Recent Low-Engagement
16613,70,1,618.59,1,618.59,False,3,,
16614,182,1,506.19,1,506.19,False,0,Dormant Customers,Dormant Customers
16616,15,2,500.42,2,250.21,False,2,Recent Low-Engagement,Recent Low-Engagement
16617,235,1,151.85,1,151.85,False,0,Dormant Customers,Dormant Customers
16618,31,5,2647.59,4,529.518,False,4,Regular Buyers,Regular Buyers
16619,263,1,226.21,1,226.21,False,0,Dormant Customers,Dormant Customers
16620,3,2,178.96,2,89.48,False,3,,
16621,51,4,813.48,4,203.37,False,2,Recent Low-Engagement,Recent Low-Engagement
16623,245,1,129.45,1,129.45,False,0,Dormant Customers,Dormant Customers
16624,80,2,810.5699999999999,2,405.28499999999997,False,2,Recent Low-Engagement,Recent Low-Engagement
16625,274,1,333.08,1,333.08,False,0,Dormant Customers,Dormant Customers
16626,0,17,4413.1,8,259.59411764705885,False,1,High-Value & Active,High-Value & Active
16627,79,1,322.8,1,322.8,False,3,,
16628,29,5,2188.05,5,437.61,False,4,Regular Buyers,Regular Buyers
16629,73,2,417.73,1,208.865,False,2,Recent Low-Engagement,Recent Low-Engagement
16633,17,6,2883.1,6,480.51666666666665,False,4,Regular Buyers,Regular Buyers
16634,222,2,217.9,2,108.95,False,0,Dormant Customers,Dormant Customers
16637,32,4,1154.47,4,288.6175,False,2,Recent Low-Engagement,Recent Low-Engagement
16638,22,10,1680.72,7,168.072,False,4,Regular Buyers,Regular Buyers
16639,31,3,1257.51,3,419.17,False,2,Recent Low-Engagement,Recent Low-Engagement
16641,105,1,231.10000000000002,1,231.10000000000002,False,3,,
16642,4,2,688.33,2,344.165,False,2,Recent Low-Engagement,Recent Low-Engagement
16643,245,1,487.51,1,487.51,False,0,Dormant Customers,Dormant Customers
16644,177,2,833.78,2,416.89,False,2,Recent Low-Engagement,Recent Low-Engagement
16647,169,2,214.06,2,107.03,False,0,Dormant Customers,Dormant Customers
16648,42,1,290.65999999999997,1,290.65999999999997,False,3,,
16650,71,1,518.42,1,518.42,False,3,,
16652,58,7,6773.97,5,967.71,False,4,Regular Buyers,Regular Buyers
16653,16,2,1212.66,2,606.33,False,2,Recent Low-Engagement,Recent Low-Engagement
16654,141,4,601.27,4,150.3175,False,2,Recent Low-Engagement,Recent Low-Engagement
16655,17,6,3794.52,5,632.42,False,4,Regular Buyers,Regular Buyers
16656,22,15,8625.8,11,575.0533333333333,False,1,High-Value & Active,High-Value & Active
16657,9,4,933.62,3,233.405,False,2,Recent Low-Engagement,Recent Low-Engagement
16658,368,1,123.24,1,123.24,False,0,Dormant Customers,Dormant Customers
16659,189,1,39.12,1,39.12,False,0,Dormant Customers,Dormant Customers
16660,16,4,1267.6499999999999,3,316.91249999999997,False,4,Regular Buyers,Regular Buyers
16665,362,1,135.39999999999998,1,135.39999999999998,False,0,Dormant Customers,Dormant Customers
16666,19,1,118.98,1,118.98,False,3,,
16667,68,2,570.13,2,285.065,False,2,Recent Low-Engagement,Recent Low-Engagement
16668,15,6,306.71999999999997,6,51.12,False,2,Recent Low-Engagement,Recent Low-Engagement
16669,23,3,1374.8700000000001,2,458.29,False,2,Recent Low-Engagement,Recent Low-Engagement
16670,16,11,4095.9,8,372.3545454545455,False,1,High-Value & Active,High-Value & Active
16671,28,3,1692.27,2,564.09,False,2,Recent Low-Engagement,Recent Low-Engagement
16672,2,20,8134.9400000000005,9,406.747,False,1,High-Value & Active,High-Value & Active
16674,54,2,319.61,2,159.805,False,3,,
16676,33,4,1592.1200000000001,4,398.03000000000003,False,4,Regular Buyers,Regular Buyers
16678,2,12,3109.99,8,259.1658333333333,False,1,High-Value & Active,High-Value & Active
16679,366,1,129.75,1,129.75,False,0,Dormant Customers,Dormant Customers
16680,43,1,183.7,1,183.7,False,3,,
16681,72,6,1770.34,5,295.0566666666667,False,4,Regular Buyers,Regular Buyers
16682,4,5,1028.0,5,205.6,False,4,Regular Buyers,Regular Buyers
16684,4,28,66653.56,9,2380.4842857142858,False,1,High-Value & Active,High-Value & Active
16685,61,2,324.24,1,162.12,False,3,,
16686,47,7,3062.83,7,437.54714285714283,False,4,Regular Buyers,Regular Buyers
16688,1,4,1260.86,3,315.215,False,4,Regular Buyers,Regular Buyers
16689,75,2,422.59999999999997,1,211.29999999999998,False,2,Recent Low-Engagement,Recent Low-Engagement
16690,72,2,225.57999999999998,2,112.78999999999999,False,3,,
16692,256,2,1276.0,2,638.0,False,0,Dormant Customers,Dormant Customers
16693,68,2,482.01,2,241.005,False,2,Recent Low-Engagement,Recent Low-Engagement
16696,135,4,657.9000000000001,3,164.47500000000002,False,2,Recent Low-Engagement,Recent Low-Engagement
16697,241,1,112.75,1,112.75,False,0,Dormant Customers,Dormant Customers
16698,226,2,1998.0,2,999.0,False,0,Dormant Customers,Dormant Customers
16700,8,13,5076.55,12,390.50384615384615,False,1,High-Value & Active,High-Value & Active
16701,8,13,5398.3,10,415.25384615384615,False,1,High-Value & Active,High-Value & Active
16705,0,20,14034.99,9,701.7495,False,1,High-Value & Active,High-Value & Active
16706,37,3,531.35,3,177.11666666666667,False,2,Recent Low-Engagement,Recent Low-Engagement
16708,45,1,656.63,1,656.63,False,3,,
16709,84,5,3029.87,4,605.9739999999999,False,4,Regular Buyers,Regular Buyers
16710,19,10,2483.04,6,248.304,False,4,Regular Buyers,Regular Buyers
16711,3,5,1651.03,5,330.206,False,4,Regular Buyers,Regular Buyers
16712,9,11,3645.43,6,331.40272727272725,False,1,High-Value & Active,High-Value & Active
16713,18,15,6923.13,10,461.54200000000003,False,1,High-Value & Active,High-Value & Active
16714,218,3,1161.53,2,387.1766666666667,False,0,Dormant Customers,Dormant Customers
16715,78,1,301.71999999999997,1,301.71999999999997,False,3,,
16716,266,2,901.2,2,450.6,False,0,Dormant Customers,Dormant Customers
16717,23,6,3858.38,4,643.0633333333334,False,4,Regular Buyers,Regular Buyers
16718,369,1,623.75,1,623.75,False,0,Dormant Customers,Dormant Customers
16719,14,7,1790.42,7,255.77428571428572,False,4,Regular Buyers,Regular Buyers
16720,26,1,155.24,1,155.24,False,3,,
16721,262,1,292.47,1,292.47,False,0,Dormant Customers,Dormant Customers
16722,17,13,4730.81,10,363.90846153846155,False,1,High-Value & Active,High-Value & Active
16723,91,2,589.15,2,294.575,False,2,Recent Low-Engagement,Recent Low-Engagement
16725,302,7,781.02,3,111.57428571428571,False,0,Dormant Customers,Dormant Customers
16726,26,5,1382.02,4,276.404,False,4,Regular Buyers,Regular Buyers
16727,364,1,272.82,1,272.82,False,0,Dormant Customers,Dormant Customers
16728,46,4,1054.67,4,263.6675,False,2,Recent Low-Engagement,Recent Low-Engagement
16729,38,21,7239.92,8,344.7580952380952,False,1,High-Value & Active,High-Value & Active
16730,52,3,743.11,3,247.70333333333335,False,2,Recent Low-Engagement,Recent Low-Engagement
16732,31,1,603.75,1,603.75,False,3,,
16734,52,3,650.51,2,216.83666666666667,False,2,Recent Low-Engagement,Recent Low-Engagement
16735,78,5,2300.56,3,460.11199999999997,False,4,Regular Buyers,Regular Buyers
16737,53,1,417.59999999999997,1,417.59999999999997,False,3,,
16738,297,1,3.75,1,3.75,False,0,Dormant Customers,Dormant Customers
16739,176,1,323.0,1,323.0,False,0,Dormant Customers,Dormant Customers
16742,46,1,464.9,1,464.9,False,3,,
16743,29,7,2238.09,6,319.7271428571429,False,4,Regular Buyers,Regular Buyers
16744,11,7,1304.76,5,186.3942857142857,False,4,Regular Buyers,Regular Buyers
16745,86,17,7194.3,8,423.1941176470588,False,1,High-Value & Active,High-Value & Active
16746,4,18,6697.66,11,372.09222222222223,False,1,High-Value & Active,High-Value & Active
16747,37,2,836.06,2,418.03,False,2,Recent Low-Engagement,Recent Low-Engagement
16748,17,5,1515.9,4,303.18,False,4,Regular Buyers,Regular Buyers
16750,44,5,623.93,5,124.78599999999999,False,2,Recent Low-Engagement,Recent Low-Engagement
16751,30,1,1764.72,1,1764.72,False,2,Recent Low-Engagement,Recent Low-Engagement
16752,372,1,207.5,1,207.5,False,0,Dormant Customers,Dormant Customers
16753,58,1,223.92000000000002,1,223.92000000000002,False,3,,
16754,372,1,2002.4,1,2002.4,False,0,Dormant Customers,Dormant Customers
16755,114,3,1496.83,3,498.9433333333333,False,2,Recent Low-Engagement,Recent Low-Engagement
16756,214,1,239.4,1,239.4,False,0,Dormant Customers,Dormant Customers
16757,318,1,106.83000000000001,1,106.83000000000001,False,0,Dormant Customers,Dormant Customers
16758,65,1,369.34000000000003,1,369.34000000000003,False,3,,
16759,7,3,789.79,2,263.2633333333333,False,2,Recent Low-Engagement,Recent Low-Engagement
16761,96,1,316.62,1,316.62,False,3,,
16762,19,3,1501.38,3,500.46000000000004,False,2,Recent Low-Engagement,Recent Low-Engagement
16763,198,1,611.85,1,611.85,False,0,Dormant Customers,Dormant Customers
16764,3,13,2799.25,6,215.32692307692307,False,1,High-Value & Active,High-Value & Active
16765,294,1,34.0,1,34.0,False,0,Dormant Customers,Dormant Customers
16766,273,2,1145.6,1,572.8,False,0,Dormant Customers,Dormant Customers
16767,30,11,5580.6,8,507.32727272727277,False,1,High-Value & Active,High-Value & Active
16768,47,3,478.09000000000003,3,159.36333333333334,False,2,Recent Low-Engagement,Recent Low-Engagement
16769,260,1,380.39,1,380.39,False,0,Dormant Customers,Dormant Customers
16770,57,5,770.1,4,154.02,False,2,Recent Low-Engagement,Recent Low-Engagement
16771,33,5,2246.81,5,449.36199999999997,False,4,Regular Buyers,Regular Buyers
16773,57,1,171.59,1,171.59,False,3,,
16774,67,4,661.52,4,165.38,False,2,Recent Low-Engagement,Recent Low-Engagement
16775,10,11,1695.66,10,154.1509090909091,False,4,Regular Buyers,Regular Buyers
16776,60,1,388.28,1,388.28,False,3,,
16777,80,2,226.35,2,113.175,False,3,,
16778,74,2,245.94,2,122.97,False,3,,
16779,2,22,10629.720000000001,12,483.169090909091,False,1,High-Value & Active,High-Value & Active
16780,100,2,425.19,2,212.595,False,2,Recent Low-Engagement,Recent Low-Engagement
16781,372,1,311.25,1,311.25,False,0,Dormant Customers,Dormant Customers
16782,10,13,2279.9,8,175.37692307692308,False,4,Regular Buyers,Regular Buyers
16784,19,1,107.6,1,107.6,False,3,,
16788,123,2,597.48,2,298.74,False,2,Recent Low-Engagement,Recent Low-Engagement
16789,8,1,80.8,1,80.8,False,3,,
16790,3,6,1545.6200000000001,2,257.60333333333335,False,4,Regular Buyers,Regular Buyers
16791,29,7,1721.78,6,245.96857142857144,False,4,Regular Buyers,Regular Buyers
16792,282,2,110.38000000000001,1,55.190000000000005,False,0,Dormant Customers,Dormant Customers
16793,57,1,243.84,1,243.84,False,3,,
16794,1,10,1222.71,7,122.271,False,4,Regular Buyers,Regular Buyers
16795,365,1,414.88,1,414.88,False,0,Dormant Customers,Dormant Customers
16796,89,1,305.62,1,305.62,False,3,,
16800,11,1,1201.49,1,1201.49,False,2,Recent Low-Engagement,Recent Low-Engagement
16801,163,4,1619.73,3,404.9325,False,2,Recent Low-Engagement,Recent Low-Engagement
16803,65,1,332.3,1,332.3,False,3,,
16804,23,3,536.99,2,178.99666666666667,False,2,Recent Low-Engagement,Recent Low-Engagement
16805,173,2,460.59,2,230.295,False,0,Dormant Customers,Dormant Customers
16806,103,4,801.49,4,200.3725,False,2,Recent Low-Engagement,Recent Low-Engagement
16807,142,3,1121.59,3,373.8633333333333,False,2,Recent Low-Engagement,Recent Low-Engagement
16808,99,2,288.42,2,144.21,False,3,,
16809,23,5,914.69,5,182.93800000000002,False,4,Regular Buyers,Regular Buyers
16810,192,1,309.54,1,309.54,False,0,Dormant Customers,Dormant Customers
16811,4,2,547.07,2,273.535,False,2,Recent Low-Engagement,Recent Low-Engagement
16812,360,1,479.35,1,479.35,False,0,Dormant Customers,Dormant Customers
16813,8,10,1692.98,7,169.298,False,4,Regular Buyers,Regular Buyers
16814,14,21,6509.1,12,309.95714285714286,False,1,High-Value & Active,High-Value & Active
16816,103,4,417.06,4,104.265,False,2,Recent Low-Engagement,Recent Low-Engagement
16817,2,9,1604.75,7,178.30555555555554,False,4,Regular Buyers,Regular Buyers
16818,10,11,3349.57,6,304.50636363636363,False,4,Regular Buyers,Regular Buyers
16820,95,1,497.61,1,497.61,False,3,,
16823,227,1,358.38,1,358.38,False,0,Dormant Customers,Dormant Customers
16824,15,2,460.64,2,230.32,False,2,Recent Low-Engagement,Recent Low-Engagement
16825,38,2,775.1800000000001,2,387.59000000000003,False,2,Recent Low-Engagement,Recent Low-Engagement
16826,51,1,341.7,1,341.7,False,3,,
16828,93,2,128.5,2,64.25,False,3,,
16829,156,1,197.22,1,197.22,False,3,,
16830,38,1,325.91,1,325.91,False,3,,
16832,184,3,199.15,2,66.38333333333334,False,0,Dormant Customers,Dormant Customers
16833,1,4,1106.53,3,276.6325,False,4,Regular Buyers,Regular Buyers
16834,227,1,413.46,1,413.46,False,0,Dormant Customers,Dormant Customers
16835,128,2,180.85,2,90.425,False,3,,
16836,39,2,251.87,2,125.935,False,3,,
16837,31,11,3170.98,5,288.2709090909091,False,4,Regular Buyers,Regular Buyers
16838,197,2,588.85,2,294.425,False,0,Dormant Customers,Dormant Customers
16839,8,34,16594.35,12,488.06911764705876,False,1,High-Value & Active,High-Value & Active
16841,36,6,1869.82,5,311.63666666666666,False,4,Regular Buyers,Regular Buyers
16842,100,3,1264.19,3,421.3966666666667,False,2,Recent Low-Engagement,Recent Low-Engagement
16843,42,16,10196.57,8,637.285625,False,1,High-Value & Active,High-Value & Active
16846,50,1,214.32,1,214.32,False,3,,
16847,43,1,193.44,1,193.44,False,3,,
16848,52,1,281.42,1,281.42,False,3,,
16849,186,1,124.57,1,124.57,False,0,Dormant Customers,Dormant Customers
16850,333,1,332.41,1,332.41,False,0,Dormant Customers,Dormant Customers
16851,4,3,342.45,2,114.14999999999999,False,2,Recent Low-Engagement,Recent Low-Engagement
16852,10,2,144.91000000000003,2,72.45500000000001,False,3,,
16855,23,2,328.4,2,164.2,False,3,,
16856,14,1,35.400000000000006,1,35.400000000000006,False,3,,
16858,368,1,375.69000000000005,1,375.69000000000005,False,0,Dormant Customers,Dormant Customers
16859,144,2,747.81,2,373.905,False,2,Recent Low-Engagement,Recent Low-Engagement
16861,59,2,173.76,2,86.88,False,3,,
16863,31,2,502.8,2,251.4,False,2,Recent Low-Engagement,Recent Low-Engagement
16866,140,3,207.73999999999998,1,69.24666666666666,False,3,,
16869,22,4,825.42,3,206.355,False,2,Recent Low-Engagement,Recent Low-Engagement
16871,22,6,2812.34,4,468.72333333333336,False,4,Regular Buyers,Regular Buyers
16872,77,3,680.02,3,226.67333333333332,False,2,Recent Low-Engagement,Recent Low-Engagement
16873,4,6,7123.62,6,1187.27,False,4,Regular Buyers,Regular Buyers
16875,67,5,2095.53,4,419.10600000000005,False,4,Regular Buyers,Regular Buyers
16877,12,6,853.72,4,142.28666666666666,False,4,Regular Buyers,Regular Buyers
16878,84,1,13.3,1,13.3,False,3,,
16880,30,7,1519.08,5,217.01142857142855,False,4,Regular Buyers,Regular Buyers
16881,66,1,432.0,1,432.0,False,3,,
16882,66,3,705.12,3,235.04,False,2,Recent Low-Engagement,Recent Low-Engagement
16883,187,2,276.73,2,138.365,False,0,Dormant Customers,Dormant Customers
16884,37,2,429.84000000000003,1,214.92000000000002,False,2,Recent Low-Engagement,Recent Low-Engagement
16885,15,3,471.51,3,157.17,False,2,Recent Low-Engagement,Recent Low-Engagement
16887,35,1,194.88,1,194.88,False,3,,
16889,194,3,1578.67,3,526.2233333333334,False,2,Recent Low-Engagement,Recent Low-Engagement
16891,1,5,809.7,5,161.94,False,4,Regular Buyers,Regular Buyers
16892,1,5,525.54,3,105.10799999999999,False,2,Recent Low-Engagement,Recent Low-Engagement
16893,366,1,145.93,1,145.93,False,0,Dormant Customers,Dormant Customers
16895,64,1,219.14,1,219.14,False,3,,
16897,299,2,289.78,2,144.89,False,0,Dormant Customers,Dormant Customers
16898,26,3,508.81,3,169.60333333333332,False,2,Recent Low-Engagement,Recent Low-Engagement
16899,7,6,1281.56,6,213.59333333333333,False,4,Regular Buyers,Regular Buyers
16900,16,3,887.11,2,295.7033333333333,False,2,Recent Low-Engagement,Recent Low-Engagement
16902,116,1,1706.88,1,1706.88,False,2,Recent Low-Engagement,Recent Low-Engagement
16903,29,1,373.24,1,373.24,False,3,,
16904,4,16,3754.27,11,234.641875,False,1,High-Value & Active,High-Value & Active
16905,5,7,3102.43,6,443.2042857142857,False,4,Regular Buyers,Regular Buyers
16906,81,4,579.77,4,144.9425,False,2,Recent Low-Engagement,Recent Low-Engagement
16907,29,5,981.65,5,196.32999999999998,False,4,Regular Buyers,Regular Buyers
16909,72,1,379.14,1,379.14,False,3,,
16910,4,8,1510.06,4,188.7575,False,4,Regular Buyers,Regular Buyers
16912,28,11,2575.38,6,234.12545454545455,False,4,Regular Buyers,Regular Buyers
16913,290,1,113.44,1,113.44,False,0,Dormant Customers,Dormant Customers
16914,36,1,208.46,1,208.46,False,3,,
16915,9,6,621.6800000000001,6,103.61333333333334,False,4,Regular Buyers,Regular Buyers
16916,23,2,576.26,2,288.13,False,2,Recent Low-Engagement,Recent Low-Engagement
16917,276,1,391.52,1,391.52,False,0,Dormant Customers,Dormant Customers
16918,49,6,1068.82,4,178.13666666666666,False,4,Regular Buyers,Regular Buyers
16919,156,11,2596.45,5,236.04090909090908,False,4,Regular Buyers,Regular Buyers
16921,61,1,169.79,1,169.79,False,3,,
16923,12,19,7247.61,10,381.4531578947368,False,1,High-Value & Active,High-Value & Active
16924,21,3,846.75,3,282.25,False,2,Recent Low-Engagement,Recent Low-Engagement
16926,371,1,230.25,1,230.25,False,0,Dormant Customers,Dormant Customers
16927,115,3,543.05,3,181.01666666666665,False,2,Recent Low-Engagement,Recent Low-Engagement
16928,80,17,2847.6,9,167.50588235294117,False,1,High-Value & Active,High-Value & Active
16929,3,7,1295.39,5,185.0557142857143,False,4,Regular Buyers,Regular Buyers
16930,26,3,380.55,2,126.85000000000001,False,2,Recent Low-Engagement,Recent Low-Engagement
16931,5,21,4604.22,13,219.24857142857144,False,1,High-Value & Active,High-Value & Active
16932,53,1,161.94,1,161.94,False,3,,
16933,1,2,563.23,2,281.615,False,2,Recent Low-Engagement,Recent Low-Engagement
16934,54,2,950.9300000000001,1,475.46500000000003,False,2,Recent Low-Engagement,Recent Low-Engagement
16936,25,1,262.68,1,262.68,False,3,,
16938,8,4,2736.38,3,684.095,False,4,Regular Buyers,Regular Buyers
16940,52,3,3049.88,3,1016.6266666666667,False,4,Regular Buyers,Regular Buyers
16942,12,9,1920.59,5,213.39888888888888,False,4,Regular Buyers,Regular Buyers
16943,211,3,816.73,3,272.24333333333334,False,0,Dormant Customers,Dormant Customers
16945,21,19,4345.5,10,228.71052631578948,False,1,High-Value & Active,High-Value & Active
16947,235,1,406.48,1,406.48,False,0,Dormant Customers,Dormant Customers
16948,138,3,435.02,3,145.00666666666666,False,2,Recent Low-Engagement,Recent Low-Engagement
16949,3,6,1286.27,6,214.37833333333333,False,4,Regular Buyers,Regular Buyers
16950,56,3,1178.56,3,392.8533333333333,False,2,Recent Low-Engagement,Recent Low-Engagement
16951,134,3,1277.75,2,425.9166666666667,False,2,Recent Low-Engagement,Recent Low-Engagement
16952,109,2,167.61,1,83.805,False,3,,
16953,30,1,20.8,1,20.8,False,3,,
16954,0,9,2085.08,6,231.67555555555555,False,4,Regular Buyers,Regular Buyers
16955,184,4,518.67,3,129.6675,False,2,Recent Low-Engagement,Recent Low-Engagement
16956,17,1,308.74,1,308.74,False,3,,
16957,239,2,416.64,2,208.32,False,0,Dormant Customers,Dormant Customers
16959,87,1,117.35000000000001,1,117.35000000000001,False,3,,
16960,38,3,507.05,3,169.01666666666668,False,2,Recent Low-Engagement,Recent Low-Engagement
16961,116,1,234.17,1,234.17,False,3,,
16963,187,1,110.55000000000001,1,110.55000000000001,False,0,Dormant Customers,Dormant Customers
16965,226,1,201.19,1,201.19,False,0,Dormant Customers,Dormant Customers
16966,8,7,2154.97,6,307.8528571428571,False,4,Regular Buyers,Regular Buyers
16967,189,1,319.02,1,319.02,False,0,Dormant Customers,Dormant Customers
16968,4,2,439.43,2,219.715,False,2,Recent Low-Engagement,Recent Low-Engagement
16969,39,3,650.41,3,216.8033333333333,False,2,Recent Low-Engagement,Recent Low-Engagement
16971,38,1,357.21,1,357.21,False,3,,
16976,267,1,251.51999999999998,1,251.51999999999998,False,0,Dormant Customers,Dormant Customers
16978,77,1,344.33,1,344.33,False,3,,
16979,3,6,1852.0,5,308.6666666666667,False,4,Regular Buyers,Regular Buyers
16980,255,2,1078.96,2,539.48,False,0,Dormant Customers,Dormant Customers
16982,60,1,384.06,1,384.06,False,3,,
16983,12,7,1931.25,6,275.89285714285717,False,4,Regular Buyers,Regular Buyers
16984,88,2,4481.35,2,2240.675,False,2,Recent Low-Engagement,Recent Low-Engagement
16985,17,10,5464.12,7,546.412,False,1,High-Value & Active,High-Value & Active
16986,29,2,1873.2,1,936.6,False,2,Recent Low-Engagement,Recent Low-Engagement
16987,3,7,1625.05,4,232.15,False,4,Regular Buyers,Regular Buyers
16988,5,1,126.12,1,126.12,False,3,,
16989,7,6,1133.25,5,188.875,False,4,Regular Buyers,Regular Buyers
16990,218,1,179.0,1,179.0,False,0,Dormant Customers,Dormant Customers
16992,10,5,1614.31,4,322.86199999999997,False,4,Regular Buyers,Regular Buyers
16996,30,6,1456.96,5,242.82666666666668,False,4,Regular Buyers,Regular Buyers
16997,288,3,702.0,2,234.0,False,0,Dormant Customers,Dormant Customers
16998,149,4,295.0,3,73.75,False,2,Recent Low-Engagement,Recent Low-Engagement
16999,23,2,484.82,2,242.41,False,2,Recent Low-Engagement,Recent Low-Engagement
17001,0,11,3989.57,11,362.6881818181818,False,1,High-Value & Active,High-Value & Active
17002,85,3,1493.73,3,497.91,False,2,Recent Low-Engagement,Recent Low-Engagement
17004,46,2,1412.94,2,706.47,False,2,Recent Low-Engagement,Recent Low-Engagement
17006,4,4,781.78,3,195.445,False,2,Recent Low-Engagement,Recent Low-Engagement
17007,50,6,889.9300000000001,4,148.3216666666667,False,4,Regular Buyers,Regular Buyers
17010,18,1,195.36,1,195.36,False,3,,
17011,30,1,270.9,1,270.9,False,3,,
17014,8,3,586.33,3,195.44333333333336,False,2,Recent Low-Engagement,Recent Low-Engagement
17015,28,3,1842.56,3,614.1866666666666,False,2,Recent Low-Engagement,Recent Low-Engagement
17017,2,20,8694.26,10,434.713,False,1,High-Value & Active,High-Value & Active
17018,40,2,920.1,2,460.05,False,2,Recent Low-Engagement,Recent Low-Engagement
17019,11,4,1272.61,4,318.1525,False,4,Regular Buyers,Regular Buyers
17022,31,1,71.0,1,71.0,False,3,,
17024,45,3,95.85,3,31.95,False,3,,
17025,60,3,357.77,2,119.25666666666666,False,2,Recent Low-Engagement,Recent Low-Engagement
17026,185,2,154.82999999999998,2,77.41499999999999,False,0,Dormant Customers,Dormant Customers
17027,78,6,890.29,5,148.38166666666666,False,4,Regular Buyers,Regular Buyers
17029,110,2,716.0,2,358.0,False,2,Recent Low-Engagement,Recent Low-Engagement
17030,63,1,146.87,1,146.87,False,3,,
17031,11,2,380.35,2,190.175,False,3,,
17033,86,3,1030.14,3,343.38000000000005,False,2,Recent Low-Engagement,Recent Low-Engagement
17034,16,3,745.52,3,248.50666666666666,False,2,Recent Low-Engagement,Recent Low-Engagement
17035,245,2,433.53000000000003,2,216.76500000000001,False,0,Dormant Customers,Dormant Customers
17037,87,1,1267.32,1,1267.32,False,2,Recent Low-Engagement,Recent Low-Engagement
17038,30,1,112.4,1,112.4,False,3,,
17040,137,1,449.73,1,449.73,False,3,,
17041,26,3,1081.57,3,360.5233333333333,False,2,Recent Low-Engagement,Recent Low-Engagement
17042,2,5,1044.3799999999999,5,208.87599999999998,False,4,Regular Buyers,Regular Buyers
17043,32,4,1735.18,4,433.795,False,4,Regular Buyers,Regular Buyers
17044,25,1,948.48,1,948.48,False,2,Recent Low-Engagement,Recent Low-Engagement
17045,113,3,339.44,3,113.14666666666666,False,2,Recent Low-Engagement,Recent Low-Engagement
17046,157,1,642.02,1,642.02,False,0,Dormant Customers,Dormant Customers
17047,85,3,1100.9,2,366.9666666666667,False,2,Recent Low-Engagement,Recent Low-Engagement
17048,117,3,925.35,3,308.45,False,2,Recent Low-Engagement,Recent Low-Engagement
17049,2,9,5659.9800000000005,8,628.8866666666668,False,1,High-Value & Active,High-Value & Active
17050,96,6,3228.84,5,538.14,False,4,Regular Buyers,Regular Buyers
17051,194,1,247.14000000000001,1,247.14000000000001,False,0,Dormant Customers,Dormant Customers
17052,28,1,413.75,1,413.75,False,3,,
17053,130,1,498.48,1,498.48,False,3,,
17054,28,5,1356.33,4,271.26599999999996,False,4,Regular Buyers,Regular Buyers
17058,81,3,1179.89,3,393.2966666666667,False,2,Recent Low-Engagement,Recent Low-Engagement
17059,29,5,3095.04,5,619.008,False,4,Regular Buyers,Regular Buyers
17060,266,1,234.24,1,234.24,False,0,Dormant Customers,Dormant Customers
17061,73,11,5232.2300000000005,6,475.65727272727275,False,1,High-Value & Active,High-Value & Active
17062,313,4,538.37,2,134.5925,False,0,Dormant Customers,Dormant Customers
17063,21,7,1461.14,4,208.73428571428573,False,4,Regular Buyers,Regular Buyers
17064,58,3,859.35,3,286.45,False,2,Recent Low-Engagement,Recent Low-Engagement
17068,12,21,4552.14,11,216.76857142857145,False,1,High-Value & Active,High-Value & Active
17069,28,9,2709.7000000000003,5,301.0777777777778,False,4,Regular Buyers,Regular Buyers
17070,114,1,312.14,1,312.14,False,3,,
17071,28,9,2429.03,8,269.89222222222224,False,4,Regular Buyers,Regular Buyers
17073,17,4,1446.09,4,361.5225,False,4,Regular Buyers,Regular Buyers
17075,17,4,834.12,4,208.53,False,2,Recent Low-Engagement,Recent Low-Engagement
17076,36,3,841.0799999999999,3,280.35999999999996,False,2,Recent Low-Engagement,Recent Low-Engagement
17078,36,2,378.2,1,189.1,False,3,,
17079,78,1,118.80000000000001,1,118.80000000000001,False,3,,
17080,22,2,287.62,2,143.81,False,3,,
17081,25,2,290.16,2,145.08,False,3,,
17082,33,2,2003.85,2,1001.925,False,2,Recent Low-Engagement,Recent Low-Engagement
17083,109,3,1405.78,2,468.5933333333333,False,2,Recent Low-Engagement,Recent Low-Engagement
17084,35,2,2949.75,1,1474.875,False,2,Recent Low-Engagement,Recent Low-Engagement
17085,123,5,1566.65,4,313.33000000000004,False,4,Regular Buyers,Regular Buyers
17086,7,6,2050.08,3,341.68,False,4,Regular Buyers,Regular Buyers
17088,28,4,1991.01,4,497.7525,False,4,Regular Buyers,Regular Buyers
17090,4,7,2043.95,6,291.99285714285713,False,4,Regular Buyers,Regular Buyers
17091,2,9,3827.76,7,425.3066666666667,False,4,Regular Buyers,Regular Buyers
17092,50,4,1777.78,4,444.445,False,4,Regular Buyers,Regular Buyers
17094,322,1,302.0,1,302.0,False,0,Dormant Customers,Dormant Customers
17095,22,3,1324.16,3,441.3866666666667,False,2,Recent Low-Engagement,Recent Low-Engagement
17096,15,4,1022.13,4,255.5325,False,2,Recent Low-Engagement,Recent Low-Engagement
17097,2,8,954.42,5,119.3025,False,4,Regular Buyers,Regular Buyers
17100,18,2,971.74,1,485.87,False,2,Recent Low-Engagement,Recent Low-Engagement
17101,10,4,1621.73,3,405.4325,False,4,Regular Buyers,Regular Buyers
17102,261,1,25.5,1,25.5,False,0,Dormant Customers,Dormant Customers
17105,159,2,665.78,2,332.89,False,2,Recent Low-Engagement,Recent Low-Engagement
17107,33,6,10815.43,5,1802.5716666666667,False,4,Regular Buyers,Regular Buyers
17109,29,6,885.04,3,147.50666666666666,False,4,Regular Buyers,Regular Buyers
17110,165,1,163.29999999999998,1,163.29999999999998,False,0,Dormant Customers,Dormant Customers
17111,47,1,248.61,1,248.61,False,3,,
17114,5,8,808.62,8,101.0775,False,4,Regular Buyers,Regular Buyers
17115,8,3,837.5,3,279.1666666666667,False,2,Recent Low-Engagement,Recent Low-Engagement
17117,288,1,116.19999999999999,1,116.19999999999999,False,0,Dormant Customers,Dormant Customers
17118,317,1,157.02,1,157.02,False,0,Dormant Customers,Dormant Customers
17119,3,2,606.91,2,303.455,False,2,Recent Low-Engagement,Recent Low-Engagement
17120,233,1,307.46,1,307.46,False,0,Dormant Customers,Dormant Customers
17122,119,1,138.32,1,138.32,False,3,,
17123,161,1,345.29999999999995,1,345.29999999999995,False,0,Dormant Customers,Dormant Customers
17124,185,1,298.89,1,298.89,False,0,Dormant Customers,Dormant Customers
17125,50,1,259.35,1,259.35,False,3,,
17126,152,5,1004.75,3,200.95,False,2,Recent Low-Engagement,Recent Low-Engagement
17128,334,1,157.09,1,157.09,False,0,Dormant Customers,Dormant Customers
17131,5,5,2463.17,4,492.634,False,4,Regular Buyers,Regular Buyers
17133,15,7,4892.240000000001,5,698.8914285714287,False,4,Regular Buyers,Regular Buyers
17134,106,2,425.0,2,212.5,False,2,Recent Low-Engagement,Recent Low-Engagement
17135,16,7,1139.73,4,162.81857142857143,False,4,Regular Buyers,Regular Buyers
17138,275,1,380.5,1,380.5,False,0,Dormant Customers,Dormant Customers
17139,15,12,10668.47,8,889.0391666666666,False,1,High-Value & Active,High-Value & Active
17140,247,1,465.32,1,465.32,False,0,Dormant Customers,Dormant Customers
17142,239,1,579.0,1,579.0,False,0,Dormant Customers,Dormant Customers
17144,1,2,984.57,2,492.285,False,2,Recent Low-Engagement,Recent Low-Engagement
17146,105,3,749.78,3,249.92666666666665,False,2,Recent Low-Engagement,Recent Low-Engagement
17147,22,4,1714.59,4,428.6475,False,4,Regular Buyers,Regular Buyers
17148,51,1,124.88,1,124.88,False,3,,
17152,194,3,1689.5,2,563.1666666666666,False,2,Recent Low-Engagement,Recent Low-Engagement
17153,24,1,213.78,1,213.78,False,3,,
17154,75,1,329.34,1,329.34,False,3,,
17155,17,2,251.70000000000002,2,125.85000000000001,False,3,,
17157,7,2,319.0,2,159.5,False,3,,
17158,32,3,1266.97,3,422.3233333333333,False,2,Recent Low-Engagement,Recent Low-Engagement
17159,21,3,1538.88,3,512.96,False,2,Recent Low-Engagement,Recent Low-Engagement
17160,31,6,3518.03,4,586.3383333333334,False,4,Regular Buyers,Regular Buyers
17162,28,10,1715.46,6,171.546,False,4,Regular Buyers,Regular Buyers
17163,21,2,293.1,2,146.55,False,3,,
17164,32,7,2467.35,5,352.4785714285714,False,4,Regular Buyers,Regular Buyers
17165,284,1,158.68,1,158.68,False,0,Dormant Customers,Dormant Customers
17166,38,2,206.34,2,103.17,False,3,,
17169,57,2,835.78,2,417.89,False,2,Recent Low-Engagement,Recent Low-Engagement
17171,289,1,224.91,1,224.91,False,0,Dormant Customers,Dormant Customers
17172,78,1,317.76,1,317.76,False,3,,
17173,5,8,3766.6,5,470.825,False,4,Regular Buyers,Regular Buyers
17174,217,1,59.9,1,59.9,False,0,Dormant Customers,Dormant Customers
17175,44,4,1443.69,4,360.9225,False,4,Regular Buyers,Regular Buyers
17176,201,1,306.13,1,306.13,False,0,Dormant Customers,Dormant Customers
17179,178,3,711.79,3,237.26333333333332,False,2,Recent Low-Engagement,Recent Low-Engagement
17180,56,4,796.03,3,199.0075,False,2,Recent Low-Engagement,Recent Low-Engagement
17181,57,2,239.92000000000002,2,119.96000000000001,False,3,,
17183,7,6,3347.31,4,557.885,False,4,Regular Buyers,Regular Buyers
17186,46,2,144.0,1,72.0,False,3,,
17187,226,1,203.95,1,203.95,False,0,Dormant Customers,Dormant Customers
17188,11,7,2474.23,4,353.4614285714286,False,4,Regular Buyers,Regular Buyers
17189,106,2,384.40000000000003,2,192.20000000000002,False,3,,
17190,58,2,444.74,2,222.37,False,2,Recent Low-Engagement,Recent Low-Engagement
17191,28,7,2095.13,5,299.30428571428575,False,4,Regular Buyers,Regular Buyers
17193,35,7,1699.3000000000002,4,242.7571428571429,False,4,Regular Buyers,Regular Buyers
17194,273,2,262.62,2,131.31,False,0,Dormant Customers,Dormant Customers
17197,29,1,1013.01,1,1013.01,False,2,Recent Low-Engagement,Recent Low-Engagement
17198,23,3,692.22,2,230.74,False,2,Recent Low-Engagement,Recent Low-Engagement
17201,53,1,342.63,1,342.63,False,3,,
17203,35,6,3563.85,2,593.975,False,4,Regular Buyers,Regular Buyers
17204,175,4,1564.56,3,391.14,False,2,Recent Low-Engagement,Recent Low-Engagement
17205,53,1,384.08,1,384.08,False,3,,
17206,53,1,204.24,1,204.24,False,3,,
17211,26,8,2317.2200000000003,6,289.65250000000003,False,4,Regular Buyers,Regular Buyers
17212,253,1,226.85,1,226.85,False,0,Dormant Customers,Dormant Customers
17213,40,7,2781.23,4,397.31857142857143,False,4,Regular Buyers,Regular Buyers
17214,60,6,1069.1200000000001,5,178.1866666666667,False,4,Regular Buyers,Regular Buyers
17217,234,1,113.5,1,113.5,False,0,Dormant Customers,Dormant Customers
17218,4,10,1960.72,6,196.072,False,4,Regular Buyers,Regular Buyers
17219,31,1,114.23,1,114.23,False,3,,
17220,24,14,3198.25,9,228.44642857142858,False,1,High-Value & Active,High-Value & Active
17221,7,2,335.13,2,167.565,False,3,,
17222,65,1,354.15,1,354.15,False,3,,
17223,310,2,426.79,2,213.395,False,0,Dormant Customers,Dormant Customers
17226,308,1,393.49,1,393.49,False,0,Dormant Customers,Dormant Customers
17227,18,6,939.32,6,156.55333333333334,False,4,Regular Buyers,Regular Buyers
17228,15,8,1906.09,6,238.26125,False,4,Regular Buyers,Regular Buyers
17229,96,2,318.76,2,159.38,False,3,,
17230,264,8,3638.41,3,454.80125,False,4,Regular Buyers,Regular Buyers
17231,12,10,3174.32,9,317.432,False,4,Regular Buyers,Regular Buyers
17232,2,2,421.52,2,210.76,False,2,Recent Low-Engagement,Recent Low-Engagement
17233,35,1,190.88,1,190.88,False,3,,
17234,182,1,149.89000000000001,1,149.89000000000001,False,0,Dormant Customers,Dormant Customers
17235,25,2,550.06,2,275.03,False,2,Recent Low-Engagement,Recent Low-Engagement
17236,12,6,916.13,6,152.68833333333333,False,4,Regular Buyers,Regular Buyers
17237,11,2,314.69,1,157.345,False,3,,
17238,2,17,3744.65,10,220.2735294117647,False,1,High-Value & Active,High-Value & Active
17239,312,1,382.5,1,382.5,False,0,Dormant Customers,Dormant Customers
17242,108,2,1135.04,2,567.52,False,2,Recent Low-Engagement,Recent Low-Engagement
17243,1,26,8676.85,12,333.725,False,1,High-Value & Active,High-Value & Active
17244,53,1,954.9,1,954.9,False,2,Recent Low-Engagement,Recent Low-Engagement
17245,204,1,171.45,1,171.45,False,0,Dormant Customers,Dormant Customers
17247,15,1,282.19,1,282.19,False,3,,
17248,120,1,318.65,1,318.65,False,3,,
17250,3,2,384.52,2,192.26,False,3,,
17251,362,1,283.28000000000003,1,283.28000000000003,False,0,Dormant Customers,Dormant Customers
17252,116,2,353.86,2,176.93,False,3,,
17253,18,1,178.26,1,178.26,False,3,,
17254,4,2,272.44,2,136.22,False,3,,
17255,40,2,298.41,2,149.205,False,3,,
17256,107,2,240.0,2,120.0,False,3,,
17259,148,2,603.37,2,301.685,False,2,Recent Low-Engagement,Recent Low-Engagement
17262,52,5,1253.3600000000001,4,250.67200000000003,False,4,Regular Buyers,Regular Buyers
17263,208,1,63.440000000000005,1,63.440000000000005,False,0,Dormant Customers,Dormant Customers
17265,138,2,562.9,2,281.45,False,2,Recent Low-Engagement,Recent Low-Engagement
17266,2,3,310.64,2,103.54666666666667,False,2,Recent Low-Engagement,Recent Low-Engagement
17267,127,2,317.62,1,158.81,False,3,,
17268,107,4,763.64,3,190.91,False,2,Recent Low-Engagement,Recent Low-Engagement
17272,42,4,2148.63,3,537.1575,False,4,Regular Buyers,Regular Buyers
17274,35,1,111.97999999999999,1,111.97999999999999,False,3,,
17277,227,2,1065.3500000000001,2,532.6750000000001,False,0,Dormant Customers,Dormant Customers
17278,241,1,246.04,1,246.04,False,0,Dormant Customers,Dormant Customers
17279,57,1,187.82999999999998,1,187.82999999999998,False,3,,
17282,130,3,1703.41,3,567.8033333333334,False,2,Recent Low-Engagement,Recent Low-Engagement
17284,60,6,1652.58,5,275.43,False,4,Regular Buyers,Regular Buyers
17286,21,1,153.92,1,153.92,False,3,,
17287,26,7,1064.11,6,152.01571428571427,False,4,Regular Buyers,Regular Buyers
17288,9,7,1419.73,6,202.81857142857143,False,4,Regular Buyers,Regular Buyers
17289,31,3,944.41,2,314.80333333333334,False,2,Recent Low-Engagement,Recent Low-Engagement
17290,3,2,525.24,2,262.62,False,2,Recent Low-Engagement,Recent Low-Engagement
17291,308,1,550.8000000000001,1,550.8000000000001,False,0,Dormant Customers,Dormant Customers
17293,8,9,1875.1100000000001,8,208.34555555555556,False,4,Regular Buyers,Regular Buyers
17295,28,3,556.95,2,185.65,False,2,Recent Low-Engagement,Recent Low-Engagement
17297,17,1,131.78,1,131.78,False,3,,
17298,101,2,498.42,1,249.21,False,2,Recent Low-Engagement,Recent Low-Engagement
17299,11,4,669.11,4,167.2775,False,2,Recent Low-Engagement,Recent Low-Engagement
17301,21,1,197.63,1,197.63,False,3,,
17302,14,5,1135.63,4,227.12600000000003,False,4,Regular Buyers,Regular Buyers
17303,361,1,250.04,1,250.04,False,0,Dormant Customers,Dormant Customers
17306,10,19,8631.31,10,454.2794736842105,False,1,High-Value & Active,High-Value & Active
17309,95,1,82.75,1,82.75,False,3,,
17311,78,2,1384.85,2,692.425,False,2,Recent Low-Engagement,Recent Low-Engagement
17312,138,3,644.3,1,214.76666666666665,False,2,Recent Low-Engagement,Recent Low-Engagement
17313,31,1,2328.84,1,2328.84,False,2,Recent Low-Engagement,Recent Low-Engagement
17314,24,8,2527.92,7,315.99,False,4,Regular Buyers,Regular Buyers
17315,1,38,6292.26,13,165.58578947368423,False,1,High-Value & Active,High-Value & Active
17317,46,3,2600.34,2,866.7800000000001,False,4,Regular Buyers,Regular Buyers
17320,100,3,1200.6200000000001,3,400.2066666666667,False,2,Recent Low-Engagement,Recent Low-Engagement
17321,8,2,700.86,2,350.43,False,2,Recent Low-Engagement,Recent Low-Engagement
17323,15,7,921.07,6,131.58142857142857,False,4,Regular Buyers,Regular Buyers
17324,17,4,990.23,3,247.5575,False,2,Recent Low-Engagement,Recent Low-Engagement
17325,280,1,96.8,1,96.8,False,0,Dormant Customers,Dormant Customers
17329,14,2,523.11,2,261.555,False,2,Recent Low-Engagement,Recent Low-Engagement
17330,22,2,363.9,2,181.95,False,3,,
17331,123,1,175.2,1,175.2,False,3,,
17333,85,1,494.25,1,494.25,False,3,,
17334,302,2,307.02,1,153.51,False,0,Dormant Customers,Dormant Customers
17337,151,4,2027.8700000000001,4,506.96750000000003,False,2,Recent Low-Engagement,Recent Low-Engagement
17338,17,8,6643.93,8,830.49125,False,4,Regular Buyers,Regular Buyers
17339,94,2,243.36,2,121.68,False,3,,
17340,29,11,12353.29,7,1123.0263636363636,False,1,High-Value & Active,High-Value & Active
17341,156,3,781.36,2,260.4533333333333,False,2,Recent Low-Engagement,Recent Low-Engagement
17343,355,1,193.64,1,193.64,False,0,Dormant Customers,Dormant Customers
17344,46,1,160.57,1,160.57,False,3,,
17345,15,4,537.74,3,134.435,False,2,Recent Low-Engagement,Recent Low-Engagement
17346,3,15,2676.56,9,178.43733333333333,False,1,High-Value & Active,High-Value & Active
17347,86,1,228.96,1,228.96,False,3,,
17348,14,5,1159.52,3,231.904,False,4,Regular Buyers,Regular Buyers
17349,179,1,110.75,1,110.75,False,0,Dormant Customers,Dormant Customers
17350,8,4,1286.07,2,321.5175,False,4,Regular Buyers,Regular Buyers
17351,36,3,587.15,3,195.71666666666667,False,2,Recent Low-Engagement,Recent Low-Engagement
17353,129,2,1740.0,2,870.0,False,2,Recent Low-Engagement,Recent Low-Engagement
17354,50,1,1393.06,1,1393.06,False,2,Recent Low-Engagement,Recent Low-Engagement
17356,311,1,178.22,1,178.22,False,0,Dormant Customers,Dormant Customers
17357,24,2,388.14,1,194.07,False,3,,
17358,303,2,365.85,2,182.925,False,0,Dormant Customers,Dormant Customers
17359,11,1,127.86,1,127.86,False,3,,
17360,17,3,585.79,2,195.26333333333332,False,2,Recent Low-Engagement,Recent Low-Engagement
17361,49,3,488.2,3,162.73333333333332,False,2,Recent Low-Engagement,Recent Low-Engagement
17362,239,2,312.23,2,156.115,False,0,Dormant Customers,Dormant Customers
17364,0,11,4481.18,7,407.38000000000005,False,1,High-Value & Active,High-Value & Active
17365,12,8,4801.56,7,600.195,False,4,Regular Buyers,Regular Buyers
17367,238,1,168.4,1,168.4,False,0,Dormant Customers,Dormant Customers
17368,23,8,1912.67,5,239.08375,False,4,Regular Buyers,Regular Buyers
17370,72,4,446.18,2,111.545,False,2,Recent Low-Engagement,Recent Low-Engagement
17371,17,3,423.89,2,141.29666666666665,False,2,Recent Low-Engagement,Recent Low-Engagement
17372,40,8,1342.68,5,167.835,False,4,Regular Buyers,Regular Buyers
17373,40,4,646.92,4,161.73,False,2,Recent Low-Engagement,Recent Low-Engagement
17374,218,2,495.77,2,247.885,False,0,Dormant Customers,Dormant Customers
17375,199,3,400.1,3,133.36666666666667,False,0,Dormant Customers,Dormant Customers
17376,70,2,203.2,2,101.6,False,3,,
17377,23,20,4100.92,8,205.046,False,1,High-Value & Active,High-Value & Active
17379,11,1,404.66,1,404.66,False,3,,
17381,8,29,20275.61,13,699.1589655172414,False,1,High-Value & Active,High-Value & Active
17382,65,1,65.4,1,65.4,False,3,,
17383,4,1,199.29,1,199.29,False,3,,
17384,19,2,336.4,2,168.2,False,3,,
17385,14,1,261.11,1,261.11,False,3,,
17386,7,6,2686.42,4,447.7366666666667,False,4,Regular Buyers,Regular Buyers
17387,19,2,784.11,1,392.055,False,2,Recent Low-Engagement,Recent Low-Engagement
17388,77,4,1259.56,4,314.89,False,2,Recent Low-Engagement,Recent Low-Engagement
17389,0,34,31833.68,11,936.2847058823529,False,1,High-Value & Active,High-Value & Active
17391,163,2,508.8,1,254.4,False,2,Recent Low-Engagement,Recent Low-Engagement
17392,306,2,457.91,2,228.955,False,0,Dormant Customers,Dormant Customers
17394,219,1,203.86999999999998,1,203.86999999999998,False,0,Dormant Customers,Dormant Customers
17396,39,8,7330.8,3,916.35,False,4,Regular Buyers,Regular Buyers
17397,22,2,696.41,1,348.205,False,2,Recent Low-Engagement,Recent Low-Engagement
17398,114,3,653.38,3,217.79333333333332,False,2,Recent Low-Engagement,Recent Low-Engagement
17400,126,5,2129.96,4,425.992,False,4,Regular Buyers,Regular Buyers
17402,4,13,2633.85,9,202.60384615384615,False,1,High-Value & Active,High-Value & Active
17403,36,1,281.62,1,281.62,False,3,,
17404,4,15,31906.82,10,2127.1213333333335,False,1,High-Value & Active,High-Value & Active
17405,1,3,1031.41,3,343.80333333333334,False,2,Recent Low-Engagement,Recent Low-Engagement
17406,333,3,2200.42,2,733.4733333333334,False,0,Dormant Customers,Dormant Customers
17408,163,1,32.65,1,32.65,False,3,,
17409,184,2,771.85,2,385.925,False,0,Dormant Customers,Dormant Customers
17410,16,5,1214.72,4,242.94400000000002,False,4,Regular Buyers,Regular Buyers
17411,12,3,778.94,3,259.6466666666667,False,2,Recent Low-Engagement,Recent Low-Engagement
17412,2,7,1258.06,6,179.72285714285712,False,4,Regular Buyers,Regular Buyers
17414,43,2,778.0,2,389.0,False,2,Recent Low-Engagement,Recent Low-Engagement
17415,79,1,507.84,1,507.84,False,3,,
17416,29,7,6893.42,6,984.7742857142857,False,4,Regular Buyers,Regular Buyers
17418,42,2,463.46000000000004,2,231.73000000000002,False,2,Recent Low-Engagement,Recent Low-Engagement
17419,11,12,4226.57,8,352.21416666666664,False,1,High-Value & Active,High-Value & Active
17420,50,3,598.83,3,199.61,False,2,Recent Low-Engagement,Recent Low-Engagement
17422,16,6,1979.37,6,329.895,False,4,Regular Buyers,Regular Buyers
17423,46,2,698.41,2,349.205,False,2,Recent Low-Engagement,Recent Low-Engagement
17425,19,2,759.17,2,379.585,False,2,Recent Low-Engagement,Recent Low-Engagement
17426,8,6,5037.26,4,839.5433333333334,False,4,Regular Buyers,Regular Buyers
17427,71,1,100.8,1,100.8,False,3,,
17428,0,28,17256.85,13,616.3160714285714,False,1,High-Value & Active,High-Value & Active
17429,128,3,524.9200000000001,3,174.97333333333336,False,2,Recent Low-Engagement,Recent Low-Engagement
17430,32,2,265.76,2,132.88,False,3,,
17431,313,1,403.3,1,403.3,False,0,Dormant Customers,Dormant Customers
17432,18,2,365.76,1,182.88,False,3,,
17433,88,1,303.15999999999997,1,303.15999999999997,False,3,,
17434,2,7,2373.82,4,339.1171428571429,False,4,Regular Buyers,Regular Buyers
17436,1,2,216.29999999999998,2,108.14999999999999,False,3,,
17438,253,1,388.45000000000005,1,388.45000000000005,False,0,Dormant Customers,Dormant Customers
17440,156,3,186.42000000000002,2,62.14000000000001,False,3,,
17442,36,6,2248.56,6,374.76,False,4,Regular Buyers,Regular Buyers
17443,219,1,534.24,1,534.24,False,0,Dormant Customers,Dormant Customers
17444,147,3,2940.04,2,980.0133333333333,False,2,Recent Low-Engagement,Recent Low-Engagement
17446,176,2,120.9,2,60.45,False,0,Dormant Customers,Dormant Customers
17447,40,2,541.53,2,270.765,False,2,Recent Low-Engagement,Recent Low-Engagement
17449,2,7,2520.86,6,360.1228571428572,False,4,Regular Buyers,Regular Buyers
17450,8,46,194550.79,12,4229.365,False,1,High-Value & Active,High-Value & Active
17451,1,7,1721.4,5,245.91428571428574,False,4,Regular Buyers,Regular Buyers
17453,17,2,486.71999999999997,2,243.35999999999999,False,2,Recent Low-Engagement,Recent Low-Engagement
17454,192,4,517.53,4,129.3825,False,0,Dormant Customers,Dormant Customers
17455,203,1,131.7,1,131.7,False,0,Dormant Customers,Dormant Customers
17456,365,1,249.86,1,249.86,False,0,Dormant Customers,Dormant Customers
17457,126,5,1737.7,5,347.54,False,4,Regular Buyers,Regular Buyers
17458,15,1,316.5,1,316.5,False,3,,
17459,43,2,657.3,1,328.65,False,2,Recent Low-Engagement,Recent Low-Engagement
17460,94,6,622.4300000000001,5,103.73833333333334,False,2,Recent Low-Engagement,Recent Low-Engagement
17461,22,3,757.46,1,252.48666666666668,False,2,Recent Low-Engagement,Recent Low-Engagement
17462,60,2,675.69,2,337.845,False,2,Recent Low-Engagement,Recent Low-Engagement
17463,16,5,1896.41,5,379.28200000000004,False,4,Regular Buyers,Regular Buyers
17464,158,1,289.96000000000004,1,289.96000000000004,False,3,,
17466,10,2,763.28,2,381.64,False,2,Recent Low-Engagement,Recent Low-Engagement
17468,10,2,137.0,1,68.5,False,3,,
17469,16,5,1870.97,5,374.194,False,4,Regular Buyers,Regular Buyers
17470,44,5,1125.07,5,225.01399999999998,False,4,Regular Buyers,Regular Buyers
17472,191,3,710.29,2,236.76333333333332,False,2,Recent Low-Engagement,Recent Low-Engagement
17475,79,1,194.37,1,194.37,False,3,,
17480,77,1,511.82,1,511.82,False,3,,
17481,3,4,1255.59,3,313.8975,False,4,Regular Buyers,Regular Buyers
17483,65,3,414.04,3,138.01333333333335,False,2,Recent Low-Engagement,Recent Low-Engagement
17486,261,1,396.87,1,396.87,False,0,Dormant Customers,Dormant Customers
17489,58,2,376.64,2,188.32,False,3,,
17490,0,7,2092.32,4,298.90285714285716,False,4,Regular Buyers,Regular Buyers
17491,1,10,3558.87,8,355.887,False,4,Regular Buyers,Regular Buyers
17492,248,1,374.57,1,374.57,False,0,Dormant Customers,Dormant Customers
17495,7,2,497.56,2,248.78,False,2,Recent Low-Engagement,Recent Low-Engagement
17496,358,1,271.05,1,271.05,False,0,Dormant Customers,Dormant Customers
17498,75,1,272.22,1,272.22,False,3,,
17499,289,1,622.88,1,622.88,False,0,Dormant Customers,Dormant Customers
17500,17,3,1138.0,1,379.3333333333333,False,2,Recent Low-Engagement,Recent Low-Engagement
17501,220,2,288.6,1,144.3,False,0,Dormant Customers,Dormant Customers
17502,9,4,689.1,1,172.275,False,2,Recent Low-Engagement,Recent Low-Engagement
17503,2,2,558.96,2,279.48,False,2,Recent Low-Engagement,Recent Low-Engagement
17504,206,9,2997.0299999999997,4,333.00333333333333,False,4,Regular Buyers,Regular Buyers
17505,161,2,1145.84,2,572.92,False,2,Recent Low-Engagement,Recent Low-Engagement
17506,75,1,302.2,1,302.2,False,3,,
17507,261,2,605.58,2,302.79,False,0,Dormant Customers,Dormant Customers
17508,280,1,387.31,1,387.31,False,0,Dormant Customers,Dormant Customers
17509,57,8,6115.14,1,764.3925,False,4,Regular Buyers,Regular Buyers
17510,24,1,308.48,1,308.48,False,3,,
17511,2,31,91062.38,13,2937.496129032258,False,1,High-Value & Active,High-Value & Active
17512,28,10,2924.9900000000002,7,292.499,False,4,Regular Buyers,Regular Buyers
17513,72,1,513.2,1,513.2,False,3,,
17514,128,1,208.65,1,208.65,False,3,,
17515,31,4,639.02,4,159.755,False,2,Recent Low-Engagement,Recent Low-Engagement
17516,15,5,768.08,4,153.616,False,4,Regular Buyers,Regular Buyers
17517,308,1,153.94,1,153.94,False,0,Dormant Customers,Dormant Customers
17519,17,6,1844.02,6,307.33666666666664,False,4,Regular Buyers,Regular Buyers
17520,53,1,546.81,1,546.81,False,3,,
17521,29,3,723.2099999999999,3,241.06999999999996,False,2,Recent Low-Engagement,Recent Low-Engagement
17522,1,5,1070.71,4,214.142,False,4,Regular Buyers,Regular Buyers
17523,11,4,652.74,1,163.185,False,2,Recent Low-Engagement,Recent Low-Engagement
17524,361,1,145.0,1,145.0,False,0,Dormant Customers,Dormant Customers
17525,359,1,422.70000000000005,1,422.70000000000005,False,0,Dormant Customers,Dormant Customers
17526,4,4,1195.8999999999999,3,298.97499999999997,False,4,Regular Buyers,Regular Buyers
17527,53,4,939.37,4,234.8425,False,2,Recent Low-Engagement,Recent Low-Engagement
17528,1,8,3628.5,4,453.5625,False,4,Regular Buyers,Regular Buyers
17530,1,10,2385.0,8,238.5,False,4,Regular Buyers,Regular Buyers
17531,190,1,296.7,1,296.7,False,0,Dormant Customers,Dormant Customers
17534,53,1,223.36,1,223.36,False,3,,
17535,280,1,164.4,1,164.4,False,0,Dormant Customers,Dormant Customers
17536,177,1,76.5,1,76.5,False,0,Dormant Customers,Dormant Customers
17537,29,2,897.62,2,448.81,False,2,Recent Low-Engagement,Recent Low-Engagement
17538,25,1,98.42,1,98.42,False,3,,
17540,24,2,578.9,2,289.45,False,2,Recent Low-Engagement,Recent Low-Engagement
17542,269,1,170.75,1,170.75,False,0,Dormant Customers,Dormant Customers
17545,43,3,645.96,1,215.32000000000002,False,2,Recent Low-Engagement,Recent Low-Engagement
17548,233,1,103.3,1,103.3,False,0,Dormant Customers,Dormant Customers
17549,23,2,148.86,2,74.43,False,3,,
17550,197,3,267.16,2,89.05333333333334,False,0,Dormant Customers,Dormant Customers
17551,359,1,306.84,1,306.84,False,0,Dormant Customers,Dormant Customers
17552,60,4,930.41,3,232.6025,False,2,Recent Low-Engagement,Recent Low-Engagement
17553,129,1,1487.6,1,1487.6,False,2,Recent Low-Engagement,Recent Low-Engagement
17554,1,5,1952.45,5,390.49,False,4,Regular Buyers,Regular Buyers
17555,19,2,483.26,2,241.63,False,2,Recent Low-Engagement,Recent Low-Engagement
17556,205,1,157.9,1,157.9,False,0,Dormant Customers,Dormant Customers
17557,14,3,541.46,3,180.48666666666668,False,2,Recent Low-Engagement,Recent Low-Engagement
17560,94,4,854.95,4,213.7375,False,2,Recent Low-Engagement,Recent Low-Engagement
17561,19,1,167.62,1,167.62,False,3,,
17562,14,7,1122.38,6,160.34,False,4,Regular Buyers,Regular Buyers
17564,24,3,454.01,3,151.33666666666667,False,2,Recent Low-Engagement,Recent Low-Engagement
17566,8,2,901.21,2,450.605,False,2,Recent Low-Engagement,Recent Low-Engagement
17567,7,8,4331.48,8,541.435,False,4,Regular Buyers,Regular Buyers
17569,332,1,344.14,1,344.14,False,0,Dormant Customers,Dormant Customers
17571,50,4,1498.51,4,374.6275,False,4,Regular Buyers,Regular Buyers
17572,71,4,226.75000000000003,3,56.68750000000001,False,2,Recent Low-Engagement,Recent Low-Engagement
17573,29,3,380.6,2,126.86666666666667,False,2,Recent Low-Engagement,Recent Low-Engagement
17574,242,1,185.65,1,185.65,False,0,Dormant Customers,Dormant Customers
17576,8,19,3622.68,13,190.66736842105263,False,1,High-Value & Active,High-Value & Active
17578,218,1,143.45999999999998,1,143.45999999999998,False,0,Dormant Customers,Dormant Customers
17579,4,3,448.90000000000003,3,149.63333333333335,False,2,Recent Low-Engagement,Recent Low-Engagement
17580,252,3,215.72,3,71.90666666666667,False,0,Dormant Customers,Dormant Customers
17581,0,25,11045.04,10,441.8016,False,1,High-Value & Active,High-Value & Active
17582,236,1,175.27,1,175.27,False,0,Dormant Customers,Dormant Customers
17584,7,2,1242.3,2,621.15,False,2,Recent Low-Engagement,Recent Low-Engagement
17585,109,4,1133.07,4,283.2675,False,2,Recent Low-Engagement,Recent Low-Engagement
17588,100,3,1240.2,3,413.40000000000003,False,2,Recent Low-Engagement,Recent Low-Engagement
17589,60,4,2404.17,4,601.0425,False,4,Regular Buyers,Regular Buyers
17590,2,3,1479.22,3,493.0733333333333,False,2,Recent Low-Engagement,Recent Low-Engagement
17591,73,7,2225.9700000000003,7,317.9957142857143,False,4,Regular Buyers,Regular Buyers
17593,3,5,3927.34,5,785.4680000000001,False,4,Regular Buyers,Regular Buyers
17594,85,2,993.18,2,496.59,False,2,Recent Low-Engagement,Recent Low-Engagement
17595,12,2,388.79,1,194.395,False,3,,
17596,23,7,2827.93,6,403.98999999999995,False,4,Regular Buyers,Regular Buyers
17597,213,1,2044.3700000000001,1,2044.3700000000001,False,0,Dormant Customers,Dormant Customers
17600,17,1,161.67000000000002,1,161.67000000000002,False,3,,
17601,239,1,116.00999999999999,1,116.00999999999999,False,0,Dormant Customers,Dormant Customers
17602,2,6,5102.97,6,850.495,False,4,Regular Buyers,Regular Buyers
17603,78,1,394.72,1,394.72,False,3,,
17604,217,2,309.36,2,154.68,False,0,Dormant Customers,Dormant Customers
17608,33,2,193.42,1,96.71,False,3,,
17609,40,5,1112.22,4,222.44400000000002,False,4,Regular Buyers,Regular Buyers
17611,7,15,3984.22,12,265.61466666666666,False,1,High-Value & Active,High-Value & Active
17612,53,6,2048.45,6,341.4083333333333,False,4,Regular Buyers,Regular Buyers
17613,22,14,4559.150000000001,9,325.65357142857147,False,1,High-Value & Active,High-Value & Active
17614,57,1,390.07,1,390.07,False,3,,
17615,130,3,329.6,2,109.86666666666667,False,2,Recent Low-Engagement,Recent Low-Engagement
17616,173,3,571.1999999999999,3,190.39999999999998,False,2,Recent Low-Engagement,Recent Low-Engagement
17618,5,3,971.58,3,323.86,False,2,Recent Low-Engagement,Recent Low-Engagement
17619,312,1,218.52,1,218.52,False,0,Dormant Customers,Dormant Customers
17620,59,1,81.44,1,81.44,False,3,,
17621,21,3,1379.9,3,459.9666666666667,False,2,Recent Low-Engagement,Recent Low-Engagement
17623,32,1,527.0500000000001,1,527.0500000000001,False,3,,
17624,14,2,843.48,2,421.74,False,2,Recent Low-Engagement,Recent Low-Engagement
17625,18,4,2047.0,4,511.75,False,4,Regular Buyers,Regular Buyers
17628,81,1,75.75,1,75.75,False,3,,
17629,5,8,1814.12,8,226.765,False,4,Regular Buyers,Regular Buyers
17630,169,2,503.59999999999997,2,251.79999999999998,False,0,Dormant Customers,Dormant Customers
17631,1,3,528.33,3,176.11,False,2,Recent Low-Engagement,Recent Low-Engagement
17633,31,4,1324.84,3,331.21,False,4,Regular Buyers,Regular Buyers
17634,36,9,2361.9700000000003,8,262.4411111111111,False,4,Regular Buyers,Regular Buyers
17636,19,1,285.56,1,285.56,False,3,,
17637,31,2,547.0600000000001,2,273.53000000000003,False,2,Recent Low-Engagement,Recent Low-Engagement
17639,276,1,108.5,1,108.5,False,0,Dormant Customers,Dormant Customers
17640,86,1,621.66,1,621.66,False,3,,
17642,119,2,712.29,2,356.145,False,2,Recent Low-Engagement,Recent Low-Engagement
17643,373,1,101.55,1,101.55,False,0,Dormant Customers,Dormant Customers
17644,1,11,2895.64,8,263.24,False,4,Regular Buyers,Regular Buyers
17646,219,3,1008.39,3,336.13,False,0,Dormant Customers,Dormant Customers
17647,65,1,133.06,1,133.06,False,3,,
17648,60,4,1797.5,3,449.375,False,4,Regular Buyers,Regular Buyers
17649,138,1,868.49,1,868.49,False,2,Recent Low-Engagement,Recent Low-Engagement
17650,21,1,166.08,1,166.08,False,3,,
17651,11,10,3945.0,5,394.5,False,4,Regular Buyers,Regular Buyers
17652,25,12,4867.72,7,405.6433333333334,False,1,High-Value & Active,High-Value & Active
17653,36,4,1207.56,3,301.89,False,2,Recent Low-Engagement,Recent Low-Engagement
17654,277,1,117.55,1,117.55,False,0,Dormant Customers,Dormant Customers
17655,10,7,2638.94,6,376.99142857142857,False,4,Regular Buyers,Regular Buyers
17656,73,5,1674.69,2,334.938,False,4,Regular Buyers,Regular Buyers
17658,25,2,595.42,2,297.71,False,2,Recent Low-Engagement,Recent Low-Engagement
17659,17,12,2999.46,7,249.955,False,1,High-Value & Active,High-Value & Active
17660,141,1,196.0,1,196.0,False,3,,
17663,25,7,1802.91,6,257.55857142857144,False,4,Regular Buyers,Regular Buyers
17664,18,2,604.64,2,302.32,False,2,Recent Low-Engagement,Recent Low-Engagement
17666,3,2,728.16,2,364.08,False,2,Recent Low-Engagement,Recent Low-Engagement
17667,66,5,2055.51,4,411.10200000000003,False,4,Regular Buyers,Regular Buyers
17668,1,2,347.75,2,173.875,False,3,,
17669,42,7,3406.7200000000003,6,486.67428571428576,False,4,Regular Buyers,Regular Buyers
17670,227,1,205.7,1,205.7,False,0,Dormant Customers,Dormant Customers
17671,15,4,1572.71,4,393.1775,False,4,Regular Buyers,Regular Buyers
17672,50,2,3178.17,2,1589.085,False,2,Recent Low-Engagement,Recent Low-Engagement
17673,1,6,1629.12,5,271.52,False,4,Regular Buyers,Regular Buyers
17674,74,2,551.04,2,275.52,False,2,Recent Low-Engagement,Recent Low-Engagement
17675,1,31,20374.28,13,657.2348387096774,False,1,High-Value & Active,High-Value & Active
17676,4,6,1387.68,4,231.28,False,4,Regular Buyers,Regular Buyers
17677,1,30,16363.23,13,545.441,False,1,High-Value & Active,High-Value & Active
17678,263,1,298.11,1,298.11,False,0,Dormant Customers,Dormant Customers
17679,52,2,1992.1100000000001,2,996.0550000000001,False,2,Recent Low-Engagement,Recent Low-Engagement
17680,23,1,184.4,1,184.4,False,3,,
17682,10,6,2474.33,6,412.3883333333333,False,4,Regular Buyers,Regular Buyers
17684,43,1,239.41,1,239.41,False,3,,
17685,16,7,3191.53,6,455.9328571428572,False,4,Regular Buyers,Regular Buyers
17686,7,7,5739.46,5,819.9228571428572,False,4,Regular Buyers,Regular Buyers
17690,30,15,4757.95,9,317.19666666666666,False,1,High-Value & Active,High-Value & Active
17691,358,2,290.40000000000003,1,145.20000000000002,False,0,Dormant Customers,Dormant Customers
17692,127,4,740.9399999999999,4,185.23499999999999,False,2,Recent Low-Engagement,Recent Low-Engagement
17693,137,1,200.47,1,200.47,False,3,,
17694,141,1,283.12,1,283.12,False,3,,
17695,131,2,765.34,2,382.67,False,2,Recent Low-Engagement,Recent Low-Engagement
17696,38,8,2285.71,6,285.71375,False,4,Regular Buyers,Regular Buyers
17697,236,1,338.95,1,338.95,False,0,Dormant Customers,Dormant Customers
17698,260,1,154.95,1,154.95,False,0,Dormant Customers,Dormant Customers
17700,16,4,2534.64,4,633.66,False,4,Regular Buyers,Regular Buyers
17701,252,1,417.95,1,417.95,False,0,Dormant Customers,Dormant Customers
17702,30,4,1824.37,4,456.0925,False,4,Regular Buyers,Regular Buyers
17703,35,3,798.74,3,266.24666666666667,False,2,Recent Low-Engagement,Recent Low-Engagement
17704,168,2,885.19,2,442.595,False,2,Recent Low-Engagement,Recent Low-Engagement
17705,3,9,1823.52,8,202.61333333333334,False,4,Regular Buyers,Regular Buyers
17706,4,17,10504.49,7,617.9111764705882,False,1,High-Value & Active,High-Value & Active
17707,185,2,152.4,2,76.2,False,0,Dormant Customers,Dormant Customers
17708,187,2,267.08,2,133.54,False,0,Dormant Customers,Dormant Customers
17709,169,1,137.45,1,137.45,False,0,Dormant Customers,Dormant Customers
17711,10,2,385.1,2,192.55,False,3,,
17712,44,1,522.91,1,522.91,False,3,,
17714,320,1,153.0,1,153.0,False,0,Dormant Customers,Dormant Customers
17715,200,1,326.4,1,326.4,False,0,Dormant Customers,Dormant Customers
17716,22,11,5655.99,6,514.180909090909,False,1,High-Value & Active,High-Value & Active
17718,232,1,139.35,1,139.35,False,0,Dormant Customers,Dormant Customers
17719,37,15,5396.04,8,359.736,False,1,High-Value & Active,High-Value & Active
17720,26,4,1195.94,4,298.985,False,2,Recent Low-Engagement,Recent Low-Engagement
17722,96,4,2424.04,4,606.01,False,4,Regular Buyers,Regular Buyers
17723,127,6,3276.4000000000005,4,546.0666666666667,False,4,Regular Buyers,Regular Buyers
17724,71,3,1033.0,2,344.3333333333333,False,2,Recent Low-Engagement,Recent Low-Engagement
17725,16,11,3439.08,9,312.64363636363635,False,4,Regular Buyers,Regular Buyers
17727,15,1,1060.25,1,1060.25,False,2,Recent Low-Engagement,Recent Low-Engagement
17728,3,3,2876.01,3,958.6700000000001,False,4,Regular Buyers,Regular Buyers
17730,3,13,5298.4800000000005,10,407.5753846153847,False,1,High-Value & Active,High-Value & Active
17731,79,4,1240.11,3,310.0275,False,2,Recent Low-Engagement,Recent Low-Engagement
17732,372,1,303.97,1,303.97,False,0,Dormant Customers,Dormant Customers
17733,38,2,692.19,2,346.095,False,2,Recent Low-Engagement,Recent Low-Engagement
17734,53,3,700.63,3,233.54333333333332,False,2,Recent Low-Engagement,Recent Low-Engagement
17735,2,19,13110.02,13,690.001052631579,False,1,High-Value & Active,High-Value & Active
17736,9,3,377.44,3,125.81333333333333,False,2,Recent Low-Engagement,Recent Low-Engagement
17737,9,2,168.24,2,84.12,False,3,,
17738,19,4,1879.05,3,469.7625,False,4,Regular Buyers,Regular Buyers
17739,11,7,2791.35,6,398.7642857142857,False,4,Regular Buyers,Regular Buyers
17742,113,2,355.11,2,177.555,False,3,,
17744,3,6,2322.4,5,387.06666666666666,False,4,Regular Buyers,Regular Buyers
17746,240,1,110.25,1,110.25,False,0,Dormant Customers,Dormant Customers
17747,112,1,71.4,1,71.4,False,3,,
17749,178,2,674.52,2,337.26,False,0,Dormant Customers,Dormant Customers
17750,5,9,1797.57,7,199.73,False,4,Regular Buyers,Regular Buyers
17752,359,1,80.64,1,80.64,False,0,Dormant Customers,Dormant Customers
17754,0,5,1772.26,5,354.452,False,4,Regular Buyers,Regular Buyers
17757,1,30,5605.29,13,186.843,False,1,High-Value & Active,High-Value & Active
17758,19,8,3456.7000000000003,6,432.08750000000003,False,4,Regular Buyers,Regular Buyers
17759,17,3,834.99,2,278.33,False,2,Recent Low-Engagement,Recent Low-Engagement
17760,21,2,287.59,2,143.795,False,3,,
17761,32,1,712.78,1,712.78,False,2,Recent Low-Engagement,Recent Low-Engagement
17763,263,1,15.0,1,15.0,False,0,Dormant Customers,Dormant Customers
17764,50,2,818.8199999999999,2,409.40999999999997,False,2,Recent Low-Engagement,Recent Low-Engagement
17765,158,3,371.88,3,123.96,False,2,Recent Low-Engagement,Recent Low-Engagement
17767,15,1,271.2,1,271.2,False,3,,
17768,8,3,2273.1800000000003,3,757.7266666666668,False,4,Regular Buyers,Regular Buyers
17769,12,10,3997.98,6,399.798,False,4,Regular Buyers,Regular Buyers
17770,198,5,1143.27,2,228.654,False,2,Recent Low-Engagement,Recent Low-Engagement
17771,56,2,245.81,2,122.905,False,3,,
17772,10,2,182.77,1,91.385,False,3,,
17774,96,4,1225.41,4,306.3525,False,2,Recent Low-Engagement,Recent Low-Engagement
17775,254,1,56.4,1,56.4,False,0,Dormant Customers,Dormant Customers
17777,24,3,665.86,3,221.95333333333335,False,2,Recent Low-Engagement,Recent Low-Engagement
17779,21,3,658.57,3,219.52333333333334,False,2,Recent Low-Engagement,Recent Low-Engagement
17781,159,2,188.02,2,94.01,False,3,,
17783,72,2,283.47,2,141.735,False,3,,
17785,53,1,131.94,1,131.94,False,3,,
17786,85,2,278.74,2,139.37,False,3,,
17787,152,4,1865.19,4,466.2975,False,2,Recent Low-Engagement,Recent Low-Engagement
17788,73,2,1117.9,2,558.95,False,2,Recent Low-Engagement,Recent Low-Engagement
17789,281,1,225.9,1,225.9,False,0,Dormant Customers,Dormant Customers
17790,26,14,1965.55,8,140.39642857142857,False,4,Regular Buyers,Regular Buyers
17791,29,1,106.1,1,106.1,False,3,,
17793,25,1,323.04,1,323.04,False,3,,
17795,179,2,350.39,2,175.195,False,0,Dormant Customers,Dormant Customers
17796,40,4,697.9,3,174.475,False,2,Recent Low-Engagement,Recent Low-Engagement
17797,22,3,780.43,2,260.1433333333333,False,2,Recent Low-Engagement,Recent Low-Engagement
17799,22,10,3055.93,7,305.59299999999996,False,4,Regular Buyers,Regular Buyers
17800,37,9,1199.01,8,133.22333333333333,False,4,Regular Buyers,Regular Buyers
17802,82,3,1285.04,3,428.34666666666664,False,2,Recent Low-Engagement,Recent Low-Engagement
17805,73,1,512.31,1,512.31,False,3,,
17806,11,1,546.04,1,546.04,False,3,,
17809,16,12,5411.91,8,450.9925,False,1,High-Value & Active,High-Value & Active
17811,4,39,7837.7300000000005,12,200.9674358974359,False,1,High-Value & Active,High-Value & Active
17812,12,4,732.16,2,183.04,False,2,Recent Low-Engagement,Recent Low-Engagement
17813,14,5,1770.8799999999999,3,354.176,False,4,Regular Buyers,Regular Buyers
17816,36,4,36.56,4,9.14,False,3,,
17817,4,3,387.68,2,129.22666666666666,False,2,Recent Low-Engagement,Recent Low-Engagement
17819,71,7,3704.87,6,529.2671428571429,False,4,Regular Buyers,Regular Buyers
17824,51,1,298.4,1,298.4,False,3,,
17827,5,5,1995.46,3,399.092,False,4,Regular Buyers,Regular Buyers
17828,22,4,1820.09,3,455.0225,False,4,Regular Buyers,Regular Buyers
17829,298,1,889.24,1,889.24,False,0,Dormant Customers,Dormant Customers
17830,1,3,398.7,3,132.9,False,2,Recent Low-Engagement,Recent Low-Engagement
17831,33,1,35.400000000000006,1,35.400000000000006,False,3,,
17832,49,1,155.37,1,155.37,False,3,,
17835,2,3,350.64,2,116.88,False,2,Recent Low-Engagement,Recent Low-Engagement
17836,47,1,110.21000000000001,1,110.21000000000001,False,3,,
17837,42,8,1593.38,4,199.1725,False,4,Regular Buyers,Regular Buyers
17838,26,5,2779.3,4,555.86,False,4,Regular Buyers,Regular Buyers
17839,42,1,338.8,1,338.8,False,3,,
17841,1,124,40991.57,13,330.5771774193548,False,1,High-Value & Active,High-Value & Active
17843,303,1,205.48,1,205.48,False,0,Dormant Customers,Dormant Customers
17844,106,1,51.559999999999995,1,51.559999999999995,False,3,,
17846,85,1,2033.1,1,2033.1,False,2,Recent Low-Engagement,Recent Low-Engagement
17848,81,9,901.1999999999999,8,100.13333333333333,False,4,Regular Buyers,Regular Buyers
17849,218,4,605.8000000000001,4,151.45000000000002,False,0,Dormant Customers,Dormant Customers
17850,372,34,5391.21,1,158.565,False,1,High-Value & Active,High-Value & Active
17852,11,2,114.34,1,57.17,False,3,,
17854,185,2,311.26,2,155.63,False,0,Dormant Customers,Dormant Customers
17855,372,1,208.97,1,208.97,False,0,Dormant Customers,Dormant Customers
17856,1,4,1418.03,3,354.5075,False,4,Regular Buyers,Regular Buyers
17857,4,23,26879.04,11,1168.6539130434783,False,1,High-Value & Active,High-Value & Active
17858,5,12,5155.66,9,429.6383333333333,False,1,High-Value & Active,High-Value & Active
17859,304,1,148.21,1,148.21,False,0,Dormant Customers,Dormant Customers
17860,368,1,252.8,1,252.8,False,0,Dormant Customers,Dormant Customers
17861,3,8,2100.8,5,262.6,False,4,Regular Buyers,Regular Buyers
17862,323,1,330.9,1,330.9,False,0,Dormant Customers,Dormant Customers
17863,59,6,3160.0,6,526.6666666666666,False,4,Regular Buyers,Regular Buyers
17864,12,3,597.5,3,199.16666666666666,False,2,Recent Low-Engagement,Recent Low-Engagement
17865,30,20,10526.32,11,526.316,False,1,High-Value & Active,High-Value & Active
17866,142,1,329.65,1,329.65,False,3,,
17867,30,6,1197.1000000000001,4,199.51666666666668,False,4,Regular Buyers,Regular Buyers
17869,107,5,428.18,4,85.636,False,2,Recent Low-Engagement,Recent Low-Engagement
17870,2,12,1894.35,7,157.86249999999998,False,4,Regular Buyers,Regular Buyers
17871,204,1,155.9,1,155.9,False,0,Dormant Customers,Dormant Customers
17873,80,5,1859.16,5,371.832,False,4,Regular Buyers,Regular Buyers
17874,185,6,683.46,3,113.91000000000001,False,2,Recent Low-Engagement,Recent Low-Engagement
17877,170,1,237.61,1,237.61,False,0,Dormant Customers,Dormant Customers
17878,43,1,379.45,1,379.45,False,3,,
17879,173,1,178.51999999999998,1,178.51999999999998,False,0,Dormant Customers,Dormant Customers
17880,364,1,458.92,1,458.92,False,0,Dormant Customers,Dormant Customers
17881,304,1,133.35000000000002,1,133.35000000000002,False,0,Dormant Customers,Dormant Customers
17883,3,4,671.77,4,167.9425,False,2,Recent Low-Engagement,Recent Low-Engagement
17884,3,4,717.45,3,179.3625,False,2,Recent Low-Engagement,Recent Low-Engagement
17885,12,1,190.19,1,190.19,False,3,,
17886,31,3,899.61,3,299.87,False,2,Recent Low-Engagement,Recent Low-Engagement
17887,129,1,111.35,1,111.35,False,3,,
17888,21,8,726.05,7,90.75625,False,4,Regular Buyers,Regular Buyers
17889,212,2,203.87,2,101.935,False,0,Dormant Customers,Dormant Customers
17890,322,2,602.09,2,301.045,False,0,Dormant Customers,Dormant Customers
17891,162,1,203.85999999999999,1,203.85999999999999,False,0,Dormant Customers,Dormant Customers
17892,56,3,244.1,2,81.36666666666666,False,3,,
17893,225,1,112.25,1,112.25,False,0,Dormant Customers,Dormant Customers
17894,71,8,1119.81,4,139.97625,False,4,Regular Buyers,Regular Buyers
17895,44,1,98.0,1,98.0,False,3,,
17896,23,1,256.32,1,256.32,False,3,,
17897,172,3,566.6,2,188.86666666666667,False,2,Recent Low-Engagement,Recent Low-Engagement
17898,85,2,152.06,2,76.03,False,3,,
17899,159,1,155.8,1,155.8,False,3,,
17900,190,2,112.19999999999999,1,56.099999999999994,False,0,Dormant Customers,Dormant Customers
17901,29,1,110.38,1,110.38,False,3,,
17904,21,1,191.67,1,191.67,False,3,,
17905,71,4,800.24,3,200.06,False,2,Recent Low-Engagement,Recent Low-Engagement
17906,247,1,72.9,1,72.9,False,0,Dormant Customers,Dormant Customers
17908,373,1,243.28,1,243.28,False,0,Dormant Customers,Dormant Customers
17911,9,1,366.23,1,366.23,False,3,,
17912,310,5,311.01,2,62.202,False,0,Dormant Customers,Dormant Customers
17913,58,2,411.6,2,205.8,False,2,Recent Low-Engagement,Recent Low-Engagement
17914,3,1,336.43,1,336.43,False,3,,
17917,45,3,341.28,3,113.75999999999999,False,2,Recent Low-Engagement,Recent Low-Engagement
17919,88,1,1304.04,1,1304.04,False,2,Recent Low-Engagement,Recent Low-Engagement
17920,4,17,4204.1,10,247.3,False,1,High-Value & Active,High-Value & Active
17921,64,4,826.52,4,206.63,False,2,Recent Low-Engagement,Recent Low-Engagement
17923,282,1,207.50000000000003,1,207.50000000000003,False,0,Dormant Customers,Dormant Customers
17924,11,7,2962.5,4,423.2142857142857,False,4,Regular Buyers,Regular Buyers
17925,372,1,244.08,1,244.08,False,0,Dormant Customers,Dormant Customers
17926,133,2,397.29,2,198.645,False,2,Recent Low-Engagement,Recent Low-Engagement
17928,45,2,212.54,2,106.27,False,3,,
17929,11,4,843.0,4,210.75,False,2,Recent Low-Engagement,Recent Low-Engagement
17930,35,5,1740.48,5,348.096,False,4,Regular Buyers,Regular Buyers
17931,134,2,408.36,2,204.18,False,2,Recent Low-Engagement,Recent Low-Engagement
17932,29,3,1331.57,3,443.8566666666666,False,2,Recent Low-Engagement,Recent Low-Engagement
17934,51,2,704.25,1,352.125,False,2,Recent Low-Engagement,Recent Low-Engagement
17935,138,2,145.79,1,72.895,False,3,,
17936,5,1,389.84,1,389.84,False,3,,
17937,8,7,4301.22,6,614.46,False,4,Regular Buyers,Regular Buyers
17939,159,1,99.14,1,99.14,False,3,,
17940,49,10,4106.4400000000005,7,410.64400000000006,False,4,Regular Buyers,Regular Buyers
17941,130,1,304.56,1,304.56,False,3,,
17942,7,1,77.50000000000001,1,77.50000000000001,False,3,,
17946,233,2,149.57999999999998,2,74.78999999999999,False,0,Dormant Customers,Dormant Customers
17947,37,1,176.68,1,176.68,False,3,,
17948,147,1,358.56000000000006,1,358.56000000000006,False,3,,
17949,1,45,58510.48,13,1300.232888888889,False,1,High-Value & Active,High-Value & Active
17950,72,3,482.2,2,160.73333333333332,False,2,Recent Low-Engagement,Recent Low-Engagement
17951,39,3,1008.5400000000001,2,336.18,False,2,Recent Low-Engagement,Recent Low-Engagement
17954,5,12,2332.72,9,194.39333333333332,False,4,Regular Buyers,Regular Buyers
17955,198,4,557.3,1,139.325,False,0,Dormant Customers,Dormant Customers
17956,249,1,12.75,1,12.75,False,0,Dormant Customers,Dormant Customers
17957,66,1,111.68,1,111.68,False,3,,
17958,116,1,508.4599999999999,1,508.4599999999999,False,3,,
17960,171,1,73.78,1,73.78,False,0,Dormant Customers,Dormant Customers
17961,21,39,1296.44,11,33.242051282051285,False,1,High-Value & Active,High-Value & Active
17962,142,1,102.83,1,102.83,False,3,,
17964,31,2,471.7,2,235.85,False,2,Recent Low-Engagement,Recent Low-Engagement
17965,37,14,2622.57,9,187.32642857142858,False,1,High-Value & Active,High-Value & Active
17966,37,5,1098.43,4,219.686,False,4,Regular Buyers,Regular Buyers
17967,371,1,123.07,1,123.07,False,0,Dormant Customers,Dormant Customers
17968,373,1,277.35,1,277.35,False,0,Dormant Customers,Dormant Customers
17969,166,2,228.2,2,114.1,False,0,Dormant Customers,Dormant Customers
17970,211,1,582.59,1,582.59,False,0,Dormant Customers,Dormant Customers
17972,241,1,136.04,1,136.04,False,0,Dormant Customers,Dormant Customers
17973,51,1,337.04,1,337.04,False,3,,
17974,24,3,740.79,3,246.92999999999998,False,2,Recent Low-Engagement,Recent Low-Engagement
17975,15,13,4488.81,10,345.29307692307697,False,1,High-Value & Active,High-Value & Active
17976,372,1,353.19,1,353.19,False,0,Dormant Customers,Dormant Customers
17977,29,1,288.14,1,288.14,False,3,,
17978,365,1,300.91999999999996,1,300.91999999999996,False,0,Dormant Customers,Dormant Customers
17979,35,4,757.71,3,189.4275,False,2,Recent Low-Engagement,Recent Low-Engagement
17980,165,3,811.45,3,270.48333333333335,False,2,Recent Low-Engagement,Recent Low-Engagement
17984,145,1,152.68,1,152.68,False,3,,
17985,22,1,634.95,1,634.95,False,3,,
17986,56,1,20.8,1,20.8,False,3,,
17987,185,1,198.57,1,198.57,False,0,Dormant Customers,Dormant Customers
17988,11,7,201.12,4,28.731428571428573,False,2,Recent Low-Engagement,Recent Low-Engagement
17990,236,3,630.84,2,210.28,False,0,Dormant Customers,Dormant Customers
17991,225,2,93.35,1,46.675,False,0,Dormant Customers,Dormant Customers
17994,121,4,678.49,4,169.6225,False,2,Recent Low-Engagement,Recent Low-Engagement
17995,281,1,76.1,1,76.1,False,0,Dormant Customers,Dormant Customers
17997,74,8,1970.6699999999998,3,246.33374999999998,False,4,Regular Buyers,Regular Buyers
17999,37,2,382.06,2,191.03,False,3,,
18001,12,2,417.23,2,208.615,False,2,Recent Low-Engagement,Recent Low-Engagement
18004,362,1,169.47,1,169.47,False,0,Dormant Customers,Dormant Customers
18005,3,2,249.72,2,124.86,False,3,,
18006,23,1,444.68,1,444.68,False,3,,
18008,70,9,2116.19,5,235.13222222222223,False,4,Regular Buyers,Regular Buyers
18009,235,1,257.34,1,257.34,False,0,Dormant Customers,Dormant Customers
18010,256,1,174.8,1,174.8,False,0,Dormant Customers,Dormant Customers
18011,373,1,102.78999999999999,1,102.78999999999999,False,0,Dormant Customers,Dormant Customers
18013,155,2,187.29,1,93.645,False,3,,
18014,28,1,166.42,1,166.42,False,3,,
18015,4,1,120.03,1,120.03,False,3,,
18016,32,5,1483.56,5,296.712,False,4,Regular Buyers,Regular Buyers
18017,81,3,523.0,3,174.33333333333334,False,2,Recent Low-Engagement,Recent Low-Engagement
18018,108,2,122.14,2,61.07,False,3,,
18019,51,1,38.45,1,38.45,False,3,,
18022,35,1,668.11,1,668.11,False,3,,
18024,152,2,389.78,1,194.89,False,3,,
18027,98,1,115.31,1,115.31,False,3,,
18030,4,2,230.64999999999998,2,115.32499999999999,False,3,,
18032,334,1,73.5,1,73.5,False,0,Dormant Customers,Dormant Customers
18033,65,1,97.97,1,97.97,False,3,,
18034,21,2,422.88,1,211.44,False,2,Recent Low-Engagement,Recent Low-Engagement
18035,35,3,730.4,2,243.46666666666667,False,2,Recent Low-Engagement,Recent Low-Engagement
18036,32,3,405.62,3,135.20666666666668,False,2,Recent Low-Engagement,Recent Low-Engagement
18037,154,6,70.02,5,11.67,False,3,,
18040,19,2,357.20000000000005,2,178.60000000000002,False,3,,
18041,11,21,4183.39,11,199.20904761904762,False,1,High-Value & Active,High-Value & Active
18042,53,1,165.04999999999998,1,165.04999999999998,False,3,,
18043,24,3,559.51,3,186.50333333333333,False,2,Recent Low-Engagement,Recent Low-Engagement
18044,4,10,2088.6,8,208.85999999999999,False,4,Regular Buyers,Regular Buyers
18045,45,1,189.4,1,189.4,False,3,,
18048,203,2,172.29000000000002,1,86.14500000000001,False,0,Dormant Customers,Dormant Customers
18050,359,1,74.4,1,74.4,False,0,Dormant Customers,Dormant Customers
18053,70,1,300.02,1,300.02,False,3,,
18055,7,10,6784.1900000000005,7,678.4190000000001,False,1,High-Value & Active,High-Value & Active
18056,288,1,363.65,1,363.65,False,0,Dormant Customers,Dormant Customers
18058,9,1,170.16,1,170.16,False,3,,
18059,23,3,306.46,2,102.15333333333332,False,2,Recent Low-Engagement,Recent Low-Engagement
18061,21,10,2119.41,10,211.94099999999997,False,4,Regular Buyers,Regular Buyers
18062,173,3,720.52,3,240.17333333333332,False,2,Recent Low-Engagement,Recent Low-Engagement
18064,133,2,814.0,2,407.0,False,2,Recent Low-Engagement,Recent Low-Engagement
18065,5,14,2392.83,6,170.91642857142855,False,1,High-Value & Active,High-Value & Active
18066,75,1,318.0,1,318.0,False,3,,
18067,40,1,396.33,1,396.33,False,3,,
18068,289,1,101.69999999999999,1,101.69999999999999,False,0,Dormant Customers,Dormant Customers
18069,26,5,2036.67,5,407.334,False,4,Regular Buyers,Regular Buyers
18071,257,2,453.0,2,226.5,False,0,Dormant Customers,Dormant Customers
18072,185,1,247.44,1,247.44,False,0,Dormant Customers,Dormant Customers
18073,114,12,3877.5200000000004,4,323.1266666666667,False,1,High-Value & Active,High-Value & Active
18074,373,1,489.6,1,489.6,False,0,Dormant Customers,Dormant Customers
18075,23,10,2611.75,9,261.175,False,4,Regular Buyers,Regular Buyers
18077,8,11,2633.0099999999998,8,239.36454545454544,False,4,Regular Buyers,Regular Buyers
18078,217,2,336.13,2,168.065,False,0,Dormant Customers,Dormant Customers
18079,45,4,3651.97,3,912.9925,False,4,Regular Buyers,Regular Buyers
18080,18,2,1231.5,2,615.75,False,2,Recent Low-Engagement,Recent Low-Engagement
18081,36,3,343.45,3,114.48333333333333,False,2,Recent Low-Engagement,Recent Low-Engagement
18082,25,1,703.37,1,703.37,False,2,Recent Low-Engagement,Recent Low-Engagement
18084,16,1,90.47999999999999,1,90.47999999999999,False,3,,
18085,330,2,689.95,2,344.975,False,0,Dormant Customers,Dormant Customers
18086,274,1,101.34,1,101.34,False,0,Dormant Customers,Dormant Customers
18087,98,2,4055.7199999999993,2,2027.8599999999997,False,2,Recent Low-Engagement,Recent Low-Engagement
18088,61,1,167.67000000000002,1,167.67000000000002,False,3,,
18092,2,11,9068.26,8,824.3872727272727,False,1,High-Value & Active,High-Value & Active
18093,93,4,2106.52,3,526.63,False,4,Regular Buyers,Regular Buyers
18094,81,7,3017.3,5,431.04285714285714,False,4,Regular Buyers,Regular Buyers
18095,312,2,580.0500000000001,1,290.02500000000003,False,0,Dormant Customers,Dormant Customers
18096,11,3,911.15,2,303.71666666666664,False,2,Recent Low-Engagement,Recent Low-Engagement
18097,7,6,2697.8,5,449.6333333333334,False,4,Regular Buyers,Regular Buyers
18099,127,1,168.31,1,168.31,False,3,,
18101,11,2,223.65,2,111.825,False,3,,
18102,0,60,259657.3,12,4327.621666666667,False,1,High-Value & Active,High-Value & Active
18104,37,1,754.64,1,754.64,False,2,Recent Low-Engagement,Recent Low-Engagement
18105,37,1,113.48000000000002,1,113.48000000000002,False,3,,
18106,329,1,430.7,1,430.7,False,0,Dormant Customers,Dormant Customers
18108,254,1,271.0,1,271.0,False,0,Dormant Customers,Dormant Customers
18109,1,26,8052.97,13,309.7296153846154,False,1,High-Value & Active,High-Value & Active
18110,19,1,236.3,1,236.3,False,3,,
18112,12,2,352.69,2,176.345,False,3,,
18113,368,1,76.32000000000001,1,76.32000000000001,False,0,Dormant Customers,Dormant Customers
18114,290,1,220.1,1,220.1,False,0,Dormant Customers,Dormant Customers
18116,67,8,1418.03,4,177.25375,False,4,Regular Buyers,Regular Buyers
18117,25,1,320.72,1,320.72,False,3,,
18118,10,26,5653.82,11,217.45461538461538,False,1,High-Value & Active,High-Value & Active
18119,367,1,181.12,1,181.12,False,0,Dormant Customers,Dormant Customers
18120,214,1,111.15,1,111.15,False,0,Dormant Customers,Dormant Customers
18121,149,2,673.1,1,336.55,False,2,Recent Low-Engagement,Recent Low-Engagement
18122,8,6,1826.21,5,304.36833333333334,False,4,Regular Buyers,Regular Buyers
18123,24,2,589.4399999999999,1,294.71999999999997,False,2,Recent Low-Engagement,Recent Low-Engagement
18125,29,4,1142.99,4,285.7475,False,2,Recent Low-Engagement,Recent Low-Engagement
18126,60,1,206.82999999999998,1,206.82999999999998,False,3,,
18127,19,3,348.73,2,116.24333333333334,False,2,Recent Low-Engagement,Recent Low-Engagement
18129,243,1,112.55000000000001,1,112.55000000000001,False,0,Dormant Customers,Dormant Customers
18130,15,3,1059.39,2,353.13000000000005,False,2,Recent Low-Engagement,Recent Low-Engagement
18133,212,1,931.4999999999999,1,931.4999999999999,False,0,Dormant Customers,Dormant Customers
18135,29,5,681.9100000000001,3,136.382,False,2,Recent Low-Engagement,Recent Low-Engagement
18136,63,3,784.33,3,261.4433333333333,False,2,Recent Low-Engagement,Recent Low-Engagement
18138,295,1,152.65,1,152.65,False,0,Dormant Customers,Dormant Customers
18139,17,6,8438.34,1,1406.39,False,4,Regular Buyers,Regular Buyers
18142,157,2,1019.52,2,509.76,False,2,Recent Low-Engagement,Recent Low-Engagement
18143,116,2,1000.16,2,500.08,False,2,Recent Low-Engagement,Recent Low-Engagement
18144,7,12,2888.75,10,240.72916666666666,False,1,High-Value & Active,High-Value & Active
18145,12,4,2861.55,4,715.3875,False,4,Regular Buyers,Regular Buyers
18146,140,2,160.35000000000002,2,80.17500000000001,False,3,,
18147,45,2,179.33999999999997,2,89.66999999999999,False,3,,
18149,50,3,612.0799999999999,3,204.02666666666664,False,2,Recent Low-Engagement,Recent Low-Engagement
18150,32,3,566.58,3,188.86,False,2,Recent Low-Engagement,Recent Low-Engagement
18151,134,2,653.35,2,326.675,False,2,Recent Low-Engagement,Recent Low-Engagement
18154,3,2,399.19,2,199.595,False,3,,
18155,75,3,371.62,3,123.87333333333333,False,2,Recent Low-Engagement,Recent Low-Engagement
18156,12,2,734.94,2,367.47,False,2,Recent Low-Engagement,Recent Low-Engagement
18158,9,2,453.4,2,226.7,False,2,Recent Low-Engagement,Recent Low-Engagement
18159,301,1,530.15,1,530.15,False,0,Dormant Customers,Dormant Customers
18160,57,2,638.0600000000001,2,319.03000000000003,False,2,Recent Low-Engagement,Recent Low-Engagement
18161,15,5,1618.69,5,323.738,False,4,Regular Buyers,Regular Buyers
18164,37,1,399.65000000000003,1,399.65000000000003,False,3,,
18165,177,1,302.46000000000004,1,302.46000000000004,False,0,Dormant Customers,Dormant Customers
18167,23,3,1384.8600000000001,2,461.62000000000006,False,2,Recent Low-Engagement,Recent Low-Engagement
18168,176,6,1169.94,5,194.99,False,4,Regular Buyers,Regular Buyers
18169,60,1,202.65,1,202.65,False,3,,
18170,33,3,980.31,3,326.77,False,2,Recent Low-Engagement,Recent Low-Engagement
18171,58,5,1231.31,5,246.262,False,4,Regular Buyers,Regular Buyers
18172,14,20,7561.68,8,378.084,False,1,High-Value & Active,High-Value & Active
18173,86,4,2106.84,4,526.71,False,4,Regular Buyers,Regular Buyers
18174,7,1,104.0,1,104.0,False,3,,
18176,358,1,476.35,1,476.35,False,0,Dormant Customers,Dormant Customers
18177,31,6,1341.42,5,223.57000000000002,False,4,Regular Buyers,Regular Buyers
18178,128,4,1590.81,4,397.7025,False,2,Recent Low-Engagement,Recent Low-Engagement
18179,9,6,1793.17,5,298.8616666666667,False,4,Regular Buyers,Regular Buyers
18180,4,6,1843.75,4,307.2916666666667,False,4,Regular Buyers,Regular Buyers
18181,24,1,382.8,1,382.8,False,3,,
18183,227,2,632.07,2,316.035,False,0,Dormant Customers,Dormant Customers
18184,15,1,49.8,1,49.8,False,3,,
18185,249,1,304.25,1,304.25,False,0,Dormant Customers,Dormant Customers
18188,15,3,2001.04,3,667.0133333333333,False,4,Regular Buyers,Regular Buyers
18189,77,2,1090.24,2,545.12,False,2,Recent Low-Engagement,Recent Low-Engagement
18190,192,2,284.46000000000004,2,142.23000000000002,False,0,Dormant Customers,Dormant Customers
18191,261,1,207.79999999999998,1,207.79999999999998,False,0,Dormant Customers,Dormant Customers
18192,71,1,957.97,1,957.97,False,2,Recent Low-Engagement,Recent Low-Engagement
18193,165,1,243.76,1,243.76,False,0,Dormant Customers,Dormant Customers
18194,82,1,973.8399999999999,1,973.8399999999999,False,2,Recent Low-Engagement,Recent Low-Engagement
18196,95,2,689.13,2,344.565,False,2,Recent Low-Engagement,Recent Low-Engagement
18198,4,17,5425.56,11,319.15058823529415,False,1,High-Value & Active,High-Value & Active
18200,106,1,163.8,1,163.8,False,3,,
18202,199,3,1396.99,2,465.66333333333336,False,2,Recent Low-Engagement,Recent Low-Engagement
18203,157,1,160.42000000000002,1,160.42000000000002,False,3,,
18204,71,3,1993.7,3,664.5666666666667,False,2,Recent Low-Engagement,Recent Low-Engagement
18205,36,2,517.36,2,258.68,False,2,Recent Low-Engagement,Recent Low-Engagement
18209,28,1,139.10000000000002,1,139.10000000000002,False,3,,
18210,1,6,2621.38,4,436.8966666666667,False,4,Regular Buyers,Regular Buyers
18211,25,5,600.07,5,120.01400000000001,False,2,Recent Low-Engagement,Recent Low-Engagement
18212,326,1,248.42,1,248.42,False,0,Dormant Customers,Dormant Customers
18213,236,1,232.48000000000002,1,232.48000000000002,False,0,Dormant Customers,Dormant Customers
18215,89,1,299.34000000000003,1,299.34000000000003,False,3,,
18216,31,1,481.75,1,481.75,False,3,,
18217,29,2,621.75,2,310.875,False,2,Recent Low-Engagement,Recent Low-Engagement
18218,211,2,662.08,2,331.04,False,0,Dormant Customers,Dormant Customers
18219,2,10,2069.77,8,206.977,False,4,Regular Buyers,Regular Buyers
18220,226,1,305.28000000000003,1,305.28000000000003,False,0,Dormant Customers,Dormant Customers
18221,22,5,1041.61,5,208.32199999999997,False,4,Regular Buyers,Regular Buyers
18222,92,1,443.0,1,443.0,False,3,,
18223,4,14,6484.54,10,463.18142857142857,False,1,High-Value & Active,High-Value & Active
18224,263,1,158.95000000000002,1,158.95000000000002,False,0,Dormant Customers,Dormant Customers
18225,3,12,5509.12,10,459.0933333333333,False,1,High-Value & Active,High-Value & Active
18226,44,11,5228.05,9,475.27727272727276,False,1,High-Value & Active,High-Value & Active
18227,217,1,93.75,1,93.75,False,0,Dormant Customers,Dormant Customers
18228,56,2,779.9,2,389.95,False,2,Recent Low-Engagement,Recent Low-Engagement
18229,11,20,7276.900000000001,12,363.845,False,1,High-Value & Active,High-Value & Active
18230,9,7,2810.2000000000003,6,401.4571428571429,False,4,Regular Buyers,Regular Buyers
18231,192,5,2083.27,4,416.654,False,4,Regular Buyers,Regular Buyers
18232,81,4,592.97,3,148.2425,False,2,Recent Low-Engagement,Recent Low-Engagement
18233,325,1,440.0,1,440.0,False,0,Dormant Customers,Dormant Customers
18235,71,3,1796.48,3,598.8266666666667,False,2,Recent Low-Engagement,Recent Low-Engagement
18236,29,6,882.24,6,147.04,False,4,Regular Buyers,Regular Buyers
18237,2,5,987.1,5,197.42000000000002,False,4,Regular Buyers,Regular Buyers
18239,218,5,1561.6100000000001,4,312.322,False,2,Recent Low-Engagement,Recent Low-Engagement
18240,46,1,422.58,1,422.58,False,3,,
18241,9,17,2073.09,7,121.9464705882353,False,1,High-Value & Active,High-Value & Active
18242,72,4,2232.4900000000002,2,558.1225000000001,False,4,Regular Buyers,Regular Buyers
18245,7,7,2567.06,5,366.72285714285715,False,4,Regular Buyers,Regular Buyers
18246,23,2,596.1,2,298.05,False,2,Recent Low-Engagement,Recent Low-Engagement
18248,122,2,804.02,2,402.01,False,2,Recent Low-Engagement,Recent Low-Engagement
18249,17,1,95.34,1,95.34,False,3,,
18250,310,1,349.27,1,349.27,False,0,Dormant Customers,Dormant Customers
18251,87,1,4314.72,1,4314.72,True,2,Recent Low-Engagement,High-Value One-Time Buyer
18252,50,2,526.67,2,263.335,False,2,Recent Low-Engagement,Recent Low-Engagement
18255,89,1,103.3,1,103.3,False,3,,
18257,39,8,2337.63,5,292.20375,False,4,Regular Buyers,Regular Buyers
18259,24,3,2338.6000000000004,3,779.5333333333334,False,4,Regular Buyers,Regular Buyers
18260,172,6,2643.2000000000003,6,440.53333333333336,False,4,Regular Buyers,Regular Buyers
18261,43,2,324.24,2,162.12,False,3,,
18262,140,1,149.48,1,149.48,False,3,,
18263,25,3,1213.1599999999999,3,404.3866666666666,False,2,Recent Low-Engagement,Recent Low-Engagement
18265,72,2,801.51,2,400.755,False,2,Recent Low-Engagement,Recent Low-Engagement
18268,134,1,25.5,1,25.5,False,3,,
18269,366,1,168.6,1,168.6,False,0,Dormant Customers,Dormant Customers
18270,38,2,283.15,2,141.575,False,3,,
18272,2,6,3078.58,5,513.0966666666667,False,4,Regular Buyers,Regular Buyers
18273,2,3,204.0,3,68.0,False,3,,
18274,30,1,175.92,1,175.92,False,3,,
18276,43,1,335.86,1,335.86,False,3,,
18277,58,1,110.38,1,110.38,False,3,,
18278,73,1,173.9,1,173.9,False,3,,
18280,277,1,180.60000000000002,1,180.60000000000002,False,0,Dormant Customers,Dormant Customers
18281,180,1,80.82,1,80.82,False,0,Dormant Customers,Dormant Customers
18282,7,2,178.05,2,89.025,False,3,,
18283,3,16,2094.88,10,130.93,False,1,High-Value & Active,High-Value & Active
18287,42,3,1837.28,2,612.4266666666666,False,2,Recent Low-Engagement,Recent Low-Engagement
